name,type,start_time,duration,"mosi","miso"
"SPI","result",3.45e-06,0.00302007,0x82,0x00
"SPI","result",0.00307557,0.00301345,0x02,0x00
"SPI","result",0.00614108,0.003017,0x03,0x00
"SPI","result",0.00921014,0.0122049,0x2E,0x00
"SPI","result",0.02146709,0.0030358,0x01,0x00
"SPI","result",0.02455495,0.00301663,0x6D,0x00
"SPI","result",0.02762363,0.00301695,0x1E,0x00
"SPI","result",0.03069263,0.00301757,0x6F,0x00
"SPI","result",0.03376226,0.00301644,0x1E,0x00
"SPI","result",0.03683076,0.0030165,0xAF,0x00
"SPI","result",0.03989932,0.00301707,0x82,0x00
"SPI","result",0.04296844,0.00301763,0x02,0x00
"SPI","result",0.04603813,0.00301607,0x03,0x00
"SPI","result",0.04910625,0.01220521,0x2E,0x00
"SPI","result",0.06136352,0.00303567,0x01,0x00
"SPI","result",0.06445125,0.00301682,0x6D,0x00
"SPI","result",0.06752013,0.00301663,0x1E,0x00
"SPI","result",0.07058881,0.00301719,0x6F,0x00
"SPI","result",0.07365806,0.00301713,0x1E,0x00
"SPI","result",0.07672725,0.00301638,0xAF,0x00
"SPI","result",0.07979569,0.00301682,0x82,0x00
"SPI","result",0.08286456,0.00301688,0x02,0x00
"SPI","result",0.08593349,0.00301707,0x03,0x00
"SPI","result",0.08900262,0.01220533,0x2E,0x00
"SPI","result",0.10126001,0.00303536,0x01,0x00
"SPI","result",0.10434743,0.00301669,0x6D,0x00
"SPI","result",0.10741618,0.00301669,0x1E,0x00
"SPI","result",0.11048493,0.00301688,0x6F,0x00
"SPI","result",0.11355386,0.00301682,0x1E,0x00
"SPI","result",0.11662273,0.0030172,0xAF,0x00
"SPI","result",0.11969199,0.00301675,0x82,0x00
"SPI","result",0.1227608,0.00301713,0x02,0x00
"SPI","result",0.12582998,0.0030167,0x03,0x00
"SPI","result",0.12889874,0.01220489,0x2E,0x00
"SPI","result",0.14115569,0.00303648,0x01,0x00
"SPI","result",0.14424423,0.00301582,0x6D,0x00
"SPI","result",0.14731211,0.00301688,0x1E,0x00
"SPI","result",0.15038104,0.00301826,0x6F,0x00
"SPI","result",0.15345135,0.00301638,0x1E,0x00
"SPI","result",0.15651979,0.00301601,0xAF,0x00
"SPI","result",0.15958785,0.00301701,0x82,0x00
"SPI","result",0.16265691,0.00301676,0x02,0x00
"SPI","result",0.16572573,0.00301707,0x03,0x00
"SPI","result",0.16879485,0.01220508,0x2E,0x00
"SPI","result",0.18105199,0.00303599,0x01,0x00
"SPI","result",0.18414004,0.00301631,0x6D,0x00
"SPI","result",0.18720841,0.00301719,0x1E,0x00
"SPI","result",0.19027766,0.00301682,0x6F,0x00
"SPI","result",0.19334653,0.00301701,0x1E,0x00
"SPI","result",0.19641559,0.00301651,0xAF,0x00
"SPI","result",0.19948415,0.00301688,0x82,0x00
"SPI","result",0.20255309,0.00301707,0x02,0x00
"SPI","result",0.20562222,0.00301669,0x03,0x00
"SPI","result",0.20869097,0.01220546,0x2E,0x00
"SPI","result",0.22094848,0.00303592,0x01,0x00
"SPI","result",0.22403646,0.00301657,0x6D,0x00
"SPI","result",0.22710509,0.00301625,0x1E,0x00
"SPI","result",0.2301734,0.00301701,0x6F,0x00
"SPI","result",0.23324246,0.00301701,0x1E,0x00
"SPI","result",0.23631152,0.00301682,0xAF,0x00
"SPI","result",0.2393804,0.00301669,0x82,0x00
"SPI","result",0.24244915,0.00301719,0x02,0x00
"SPI","result",0.24551839,0.00301676,0x03,0x00
"SPI","result",0.24858721,0.01220558,0x2E,0x00
"SPI","result",0.26084485,0.00303561,0x01,0x00
"SPI","result",0.26393252,0.0030175,0x6D,0x00
"SPI","result",0.26700207,0.00301551,0x1E,0x00
"SPI","result",0.27006964,0.00301682,0x6F,0x00
"SPI","result",0.27313852,0.003017,0x1E,0x00
"SPI","result",0.27620758,0.00301769,0xAF,0x00
"SPI","result",0.27927732,0.00301595,0x82,0x00
"SPI","result",0.28234532,0.00301714,0x02,0x00
"SPI","result",0.28541451,0.00301663,0x03,0x00
"SPI","result",0.2884832,0.0122054,0x2E,0x00
"SPI","result",0.30074065,0.00303518,0x01,0x00
"SPI","result",0.30382788,0.00301701,0x6D,0x00
"SPI","result",0.30689694,0.00301676,0x1E,0x00
"SPI","result",0.30996576,0.00301725,0x6F,0x00
"SPI","result",0.31303507,0.00301663,0x1E,0x00
"SPI","result",0.31610375,0.00301701,0xAF,0x00
"SPI","result",0.31917282,0.00301663,0x82,0x00
"SPI","result",0.3222415,0.00301701,0x02,0x00
"SPI","result",0.32531057,0.00301738,0x03,0x00
"SPI","result",0.32838,0.01220465,0x2E,0x00
"SPI","result",0.3406367,0.00303624,0x01,0x00
"SPI","result",0.343725,0.00301594,0x6D,0x00
"SPI","result",0.346793,0.00301713,0x1E,0x00
"SPI","result",0.34986219,0.003017,0x6F,0x00
"SPI","result",0.35293125,0.0030165,0x1E,0x00
"SPI","result",0.35599981,0.00301725,0xAF,0x00
"SPI","result",0.35906912,0.00301657,0x82,0x00
"SPI","result",0.36213775,0.00301706,0x02,0x00
"SPI","result",0.36520687,0.00301744,0x03,0x00
"SPI","result",0.36827636,0.01220434,0x2E,0x00
"SPI","result",0.38053276,0.00303549,0x01,0x00
"SPI","result",0.3836203,0.00301751,0x6D,0x00
"SPI","result",0.38668987,0.00301625,0x1E,0x00
"SPI","result",0.38975818,0.00301706,0x6F,0x00
"SPI","result",0.3928273,0.00301694,0x1E,0x00
"SPI","result",0.3958963,0.00301657,0xAF,0x00
"SPI","result",0.39896492,0.00301689,0x82,0x00
"SPI","result",0.40203386,0.00301688,0x02,0x00
"SPI","result",0.4051028,0.003017,0x03,0x00
"SPI","result",0.40817186,0.01220552,0x2E,0x00
"SPI","result",0.42042944,0.00303561,0x01,0x00
"SPI","result",0.4235171,0.00301633,0x6D,0x00
"SPI","result",0.42658548,0.00301688,0x1E,0x00
"SPI","result",0.42965442,0.003017,0x6F,0x00
"SPI","result",0.43272348,0.00301682,0x1E,0x00
"SPI","result",0.43579235,0.00301763,0xAF,0x00
"SPI","result",0.43886204,0.00301688,0x82,0x00
"SPI","result",0.44193097,0.00301632,0x02,0x00
"SPI","result",0.44499935,0.00301663,0x03,0x00
"SPI","result",0.44806804,0.01220545,0x2E,0x00
"SPI","result",0.46032555,0.0030353,0x01,0x00
"SPI","result",0.46341291,0.00301663,0x6D,0x00
"SPI","result",0.46648159,0.00301726,0x1E,0x00
"SPI","result",0.4695509,0.00301801,0x6F,0x00
"SPI","result",0.47262097,0.00301532,0x1E,0x00
"SPI","result",0.47568834,0.00301763,0xAF,0x00
"SPI","result",0.47875803,0.0030165,0x82,0x00
"SPI","result",0.48182659,0.00301682,0x02,0x00
"SPI","result",0.48489547,0.00301831,0x03,0x00
"SPI","result",0.48796584,0.01220346,0x2E,0x00
"SPI","result",0.50022135,0.00303555,0x01,0x00
"SPI","result",0.50330896,0.00301713,0x6D,0x00
"SPI","result",0.50637814,0.00301645,0x1E,0x00
"SPI","result",0.50944664,0.00301695,0x6F,0x00
"SPI","result",0.51251564,0.00301688,0x1E,0x00
"SPI","result",0.51558458,0.00301713,0xAF,0x00
"SPI","result",0.51865377,0.003017,0x82,0x00
"SPI","result",0.52172283,0.00301682,0x02,0x00
"SPI","result",0.52479171,0.00301688,0x03,0x00
"SPI","result",0.52786064,0.01220465,0x2E,0x00
"SPI","result",0.54011734,0.00303593,0x01,0x00
"SPI","result",0.54320532,0.00301651,0x6D,0x00
"SPI","result",0.54627389,0.00301781,0x1E,0x00
"SPI","result",0.54934376,0.00301594,0x6F,0x00
"SPI","result",0.55241176,0.00301694,0x1E,0x00
"SPI","result",0.55548076,0.00301775,0xAF,0x00
"SPI","result",0.55855057,0.00301688,0x82,0x00
"SPI","result",0.56161951,0.00301632,0x02,0x00
"SPI","result",0.56468788,0.00301676,0x03,0x00
"SPI","result",0.56775669,0.01220515,0x2E,0x00
"SPI","result",0.5800139,0.00303523,0x01,0x00
"SPI","result",0.58310119,0.00301701,0x6D,0x00
"SPI","result",0.58617025,0.00301669,0x1E,0x00
"SPI","result",0.589239,0.00301732,0x6F,0x00
"SPI","result",0.59230837,0.00301688,0x1E,0x00
"SPI","result",0.59537731,0.0030165,0xAF,0x00
"SPI","result",0.59844587,0.00301695,0x82,0x00
"SPI","result",0.60151487,0.00301794,0x02,0x00
"SPI","result",0.60458487,0.00301576,0x03,0x00
"SPI","result",0.60765268,0.01220502,0x2E,0x00
"SPI","result",0.61990976,0.00303561,0x01,0x00
"SPI","result",0.62299743,0.00301725,0x6D,0x00
"SPI","result",0.62606674,0.00301638,0x1E,0x00
"SPI","result",0.62913517,0.00303243,0x6F,0x00
"SPI","result",0.63221966,0.00300139,0x1E,0x00
"SPI","result",0.63527311,0.00301844,0xAF,0x00
"SPI","result",0.63834361,0.00301532,0x82,0x00
"SPI","result",0.64141098,0.00301682,0x02,0x00
"SPI","result",0.64447986,0.00301688,0x03,0x00
"SPI","result",0.64754879,0.01220521,0x2E,0x00
"SPI","result",0.65980606,0.00303567,0x01,0x00
"SPI","result",0.66289379,0.00301676,0x6D,0x00
"SPI","result",0.6659626,0.00301688,0x1E,0x00
"SPI","result",0.66903154,0.00301694,0x6F,0x00
"SPI","result",0.67210054,0.00301681,0x1E,0x00
"SPI","result",0.67516941,0.00301695,0xAF,0x00
"SPI","result",0.67823841,0.00301663,0x82,0x00
"SPI","result",0.6813071,0.00301719,0x02,0x00
"SPI","result",0.68437635,0.00301669,0x03,0x00
"SPI","result",0.6874451,0.01220602,0x2E,0x00
"SPI","result",0.69970317,0.00303449,0x01,0x00
"SPI","result",0.70278972,0.00301725,0x6D,0x00
"SPI","result",0.70585903,0.00301656,0x1E,0x00
"SPI","result",0.70892765,0.00301682,0x6F,0x00
"SPI","result",0.71199653,0.00301869,0x1E,0x00
"SPI","result",0.71506727,0.00301564,0xAF,0x00
"SPI","result",0.71813496,0.00301676,0x82,0x00
"SPI","result",0.72120378,0.00301669,0x02,0x00
"SPI","result",0.72427252,0.00301682,0x03,0x00
"SPI","result",0.7273414,0.01220514,0x2E,0x00
"SPI","result",0.7395986,0.00303524,0x01,0x00
"SPI","result",0.74268589,0.00301707,0x6D,0x00
"SPI","result",0.74575501,0.00301695,0x1E,0x00
"SPI","result",0.74882401,0.00301657,0x6F,0x00
"SPI","result",0.75189264,0.00301713,0x1E,0x00
"SPI","result",0.75496183,0.00301788,0xAF,0x00
"SPI","result",0.75803176,0.00301582,0x82,0x00
"SPI","result",0.76109963,0.00301683,0x02,0x00
"SPI","result",0.76416851,0.00301682,0x03,0x00
"SPI","result",0.76723739,0.0122052,0x2E,0x00
"SPI","result",0.77949465,0.00303598,0x01,0x00
"SPI","result",0.78258269,0.00301638,0x6D,0x00
"SPI","result",0.78565113,0.00301675,0x1E,0x00
"SPI","result",0.78871994,0.00301694,0x6F,0x00
"SPI","result",0.79178894,0.00301713,0x1E,0x00
"SPI","result",0.79485813,0.00301669,0xAF,0x00
"SPI","result",0.79792687,0.00301726,0x82,0x00
"SPI","result",0.80099618,0.00301639,0x02,0x00
"SPI","result",0.80406462,0.00301707,0x03,0x00
"SPI","result",0.80713375,0.01220564,0x2E,0x00
"SPI","result",0.81939145,0.00303517,0x01,0x00
"SPI","result",0.82247868,0.00301638,0x6D,0x00
"SPI","result",0.82554712,0.00301744,0x1E,0x00
"SPI","result",0.82861661,0.00301639,0x6F,0x00
"SPI","result",0.83168505,0.00301769,0x1E,0x00
"SPI","result",0.8347548,0.00301601,0xAF,0x00
"SPI","result",0.83782286,0.00301713,0x82,0x00
"SPI","result",0.84089205,0.00301701,0x02,0x00
"SPI","result",0.84396111,0.00301651,0x03,0x00
"SPI","result",0.84702967,0.01220502,0x2E,0x00
"SPI","result",0.85928675,0.00303573,0x01,0x00
"SPI","result",0.86237454,0.00301682,0x6D,0x00
"SPI","result",0.86544342,0.00301681,0x1E,0x00
"SPI","result",0.86851229,0.00301682,0x6F,0x00
"SPI","result",0.87158116,0.00301707,0x1E,0x00
"SPI","result",0.87465029,0.00301707,0xAF,0x00
"SPI","result",0.87771941,0.00301651,0x82,0x00
"SPI","result",0.88078797,0.00301701,0x02,0x00
"SPI","result",0.88385703,0.0030172,0x03,0x00
"SPI","result",0.88692628,0.01220465,0x2E,0x00
"SPI","result",0.89918299,0.00303586,0x01,0x00
"SPI","result",0.90227091,0.00301694,0x6D,0x00
"SPI","result",0.9053399,0.00301695,0x1E,0x00
"SPI","result",0.9084089,0.00301676,0x6F,0x00
"SPI","result",0.91147771,0.00301676,0x1E,0x00
"SPI","result",0.91454652,0.00301714,0xAF,0x00
"SPI","result",0.91761571,0.00301638,0x82,0x00
"SPI","result",0.92068415,0.00301707,0x02,0x00
"SPI","result",0.92375327,0.00301676,0x03,0x00
"SPI","result",0.92682208,0.01220503,0x2E,0x00
"SPI","result",0.93907916,0.00303568,0x01,0x00
"SPI","result",0.94216689,0.00301694,0x6D,0x00
"SPI","result",0.94523589,0.00301663,0x1E,0x00
"SPI","result",0.94830458,0.00301688,0x6F,0x00
"SPI","result",0.95137351,0.00301832,0x1E,0x00
"SPI","result",0.95444388,0.00301545,0xAF,0x00
"SPI","result",0.95751139,0.00301694,0x82,0x00
"SPI","result",0.96058038,0.00301701,0x02,0x00
"SPI","result",0.96364945,0.00301676,0x03,0x00
"SPI","result",0.96671826,0.01220502,0x2E,0x00
"SPI","result",0.97897533,0.00303687,0x01,0x00
"SPI","result",0.98206425,0.00301595,0x6D,0x00
"SPI","result",0.98513225,0.00301645,0x1E,0x00
"SPI","result",0.98820075,0.00301713,0x6F,0x00
"SPI","result",0.99126994,0.00301806,0x1E,0x00
"SPI","result",0.99434006,0.00301551,0xAF,0x00
"SPI","result",0.99740762,0.00301701,0x82,0x00
"SPI","result",1.00047668,0.00301701,0x02,0x00
"SPI","result",1.00354574,0.0030172,0x03,0x00
"SPI","result",1.00661499,0.0122044,0x2E,0x00
"SPI","result",1.01887145,0.00303567,0x01,0x00
"SPI","result",1.02195918,0.00301719,0x6D,0x00
"SPI","result",1.02502843,0.00301688,0x1E,0x00
"SPI","result",1.02809736,0.0030167,0x6F,0x00
"SPI","result",1.03116611,0.00301788,0x1E,0x00
"SPI","result",1.03423605,0.00301638,0xAF,0x00
"SPI","result",1.03730449,0.00301644,0x82,0x00
"SPI","result",1.04037299,0.00301657,0x02,0x00
"SPI","result",1.04344161,0.00301719,0x03,0x00
"SPI","result",1.04651086,0.01220477,0x2E,0x00
"SPI","result",1.05876769,0.00303554,0x01,0x00
"SPI","result",1.06185529,0.00301682,0x6D,0x00
"SPI","result",1.06492417,0.00301694,0x1E,0x00
"SPI","result",1.06799316,0.00301732,0x6F,0x00
"SPI","result",1.07106253,0.00301764,0x1E,0x00
"SPI","result",1.07413222,0.00301651,0xAF,0x00
"SPI","result",1.07720078,0.00301601,0x82,0x00
"SPI","result",1.08026885,0.00301694,0x02,0x00
"SPI","result",1.08333785,0.00301694,0x03,0x00
"SPI","result",1.08640685,0.01220489,0x2E,0x00
"SPI","result",1.0986638,0.00303486,0x01,0x00
"SPI","result",1.10175071,0.00301782,0x6D,0x00
"SPI","result",1.10482059,0.00301682,0x1E,0x00
"SPI","result",1.10788946,0.00301694,0x6F,0x00
"SPI","result",1.11095846,0.00301669,0x1E,0x00
"SPI","result",1.11402721,0.00301682,0xAF,0x00
"SPI","result",1.11709608,0.00301688,0x82,0x00
"SPI","result",1.12016502,0.00301751,0x02,0x00
"SPI","result",1.12323458,0.00301638,0x03,0x00
"SPI","result",1.12630302,0.01220558,0x2E,0x00
"SPI","result",1.13856066,0.00303498,0x01,0x00
"SPI","result",1.1416477,0.00301682,0x6D,0x00
"SPI","result",1.14471657,0.00301801,0x1E,0x00
"SPI","result",1.14778664,0.00301581,0x6F,0x00
"SPI","result",1.15085451,0.00301788,0x1E,0x00
"SPI","result",1.15392444,0.00301633,0xAF,0x00
"SPI","result",1.15699282,0.00301794,0x82,0x00
"SPI","result",1.16006282,0.00301625,0x02,0x00
"SPI","result",1.16313113,0.00301601,0x03,0x00
"SPI","result",1.16619919,0.01220502,0x2E,0x00
"SPI","result",1.17845627,0.00303555,0x01,0x00
"SPI","result",1.18154387,0.0030172,0x6D,0x00
"SPI","result",1.18461312,0.00301707,0x1E,0x00
"SPI","result",1.18768225,0.00301625,0x6F,0x00
"SPI","result",1.19075056,0.00303011,0x1E,0x00
"SPI","result",1.19383273,0.00300427,0xAF,0x00
"SPI","result",1.19688906,0.00301644,0x82,0x00
"SPI","result",1.19995755,0.00301689,0x02,0x00
"SPI","result",1.20302649,0.00301688,0x03,0x00
"SPI","result",1.20609543,0.01220527,0x2E,0x00
"SPI","result",1.21835276,0.00303523,0x01,0x00
"SPI","result",1.22144005,0.00301713,0x6D,0x00
"SPI","result",1.22450923,0.00301676,0x1E,0x00
"SPI","result",1.22757804,0.00301745,0x6F,0x00
"SPI","result",1.23064754,0.00301744,0x1E,0x00
"SPI","result",1.23371704,0.0030157,0xAF,0x00
"SPI","result",1.23678479,0.00301738,0x82,0x00
"SPI","result",1.23985423,0.00301631,0x02,0x00
"SPI","result",1.2429226,0.00301707,0x03,0x00
"SPI","result",1.24599173,0.01220652,0x2E,0x00
"SPI","result",1.2582503,0.00303405,0x01,0x00
"SPI","result",1.26133641,0.00301669,0x6D,0x00
"SPI","result",1.26440516,0.00301675,0x1E,0x00
"SPI","result",1.26747397,0.00301706,0x6F,0x00
"SPI","result",1.27054309,0.00301688,0x1E,0x00
"SPI","result",1.27361203,0.00301688,0xAF,0x00
"SPI","result",1.27668097,0.00301694,0x82,0x00
"SPI","result",1.27974996,0.00301701,0x02,0x00
"SPI","result",1.28281903,0.0030165,0x03,0x00
"SPI","result",1.28588759,0.01220527,0x2E,0x00
"SPI","result",1.29814491,0.0030353,0x01,0x00
"SPI","result",1.30123227,0.00301694,0x6D,0x00
"SPI","result",1.30430127,0.00301688,0x1E,0x00
"SPI","result",1.30737021,0.00301719,0x6F,0x00
"SPI","result",1.31043946,0.00301656,0x1E,0x00
"SPI","result",1.31350808,0.00301682,0xAF,0x00
"SPI","result",1.31657695,0.00301701,0x82,0x00
"SPI","result",1.31964601,0.00301676,0x02,0x00
"SPI","result",1.32271482,0.00301707,0x03,0x00
"SPI","result",1.32578395,0.01220489,0x2E,0x00
"SPI","result",1.3380409,0.00303549,0x01,0x00
"SPI","result",1.34112844,0.00301719,0x6D,0x00
"SPI","result",1.34419769,0.00301663,0x1E,0x00
"SPI","result",1.34726638,0.00301862,0x6F,0x00
"SPI","result",1.35033706,0.00301588,0x1E,0x00
"SPI","result",1.353405,0.00301626,0xAF,0x00
"SPI","result",1.35647331,0.00301669,0x82,0x00
"SPI","result",1.35954206,0.00301688,0x02,0x00
"SPI","result",1.362611,0.003017,0x03,0x00
"SPI","result",1.36568006,0.0122049,0x2E,0x00
"SPI","result",1.37793701,0.00303642,0x01,0x00
"SPI","result",1.38102549,0.003016,0x6D,0x00
"SPI","result",1.38409355,0.00301763,0x1E,0x00
"SPI","result",1.38716324,0.00301644,0x6F,0x00
"SPI","result",1.39023174,0.00301713,0x1E,0x00
"SPI","result",1.39330092,0.00301645,0xAF,0x00
"SPI","result",1.39636942,0.00301682,0x82,0x00
"SPI","result",1.3994383,0.00301712,0x02,0x00
"SPI","result",1.40250748,0.00301663,0x03,0x00
"SPI","result",1.40557617,0.01220515,0x2E,0x00
"SPI","result",1.41783337,0.00303549,0x01,0x00
"SPI","result",1.42092091,0.00301682,0x6D,0x00
"SPI","result",1.42398979,0.00301707,0x1E,0x00
"SPI","result",1.42705891,0.00301688,0x6F,0x00
"SPI","result",1.43012785,0.00301819,0x1E,0x00
"SPI","result",1.4331981,0.00301625,0xAF,0x00
"SPI","result",1.43626641,0.00301688,0x82,0x00
"SPI","result",1.43933534,0.00301669,0x02,0x00
"SPI","result",1.44240409,0.00301638,0x03,0x00
"SPI","result",1.44547253,0.01220484,0x2E,0x00
"SPI","result",1.45772942,0.00303598,0x01,0x00
"SPI","result",1.46081746,0.00301682,0x6D,0x00
"SPI","result",1.46388634,0.00301657,0x1E,0x00
"SPI","result",1.46695496,0.00301688,0x6F,0x00
"SPI","result",1.4700239,0.00301756,0x1E,0x00
"SPI","result",1.47309352,0.00301626,0xAF,0x00
"SPI","result",1.47616183,0.00301701,0x82,0x00
"SPI","result",1.47923089,0.0030167,0x02,0x00
"SPI","result",1.48229964,0.00301695,0x03,0x00
"SPI","result",1.48536864,0.01220521,0x2E,0x00
"SPI","result",1.49762591,0.00303567,0x01,0x00
"SPI","result",1.50071364,0.00301644,0x6D,0x00
"SPI","result",1.50378214,0.003017,0x1E,0x00
"SPI","result",1.5068512,0.00301675,0x6F,0x00
"SPI","result",1.50992001,0.00301819,0x1E,0x00
"SPI","result",1.51299025,0.00301576,0xAF,0x00
"SPI","result",1.51605806,0.00301757,0x82,0x00
"SPI","result",1.51912769,0.00301669,0x02,0x00
"SPI","result",1.52219644,0.00301651,0x03,0x00
"SPI","result",1.525265,0.01220465,0x2E,0x00
"SPI","result",1.5375217,0.00303561,0x01,0x00
"SPI","result",1.54060937,0.00301682,0x6D,0x00
"SPI","result",1.54367825,0.00301694,0x1E,0x00
"SPI","result",1.54674724,0.00301688,0x6F,0x00
"SPI","result",1.54981618,0.00301794,0x1E,0x00
"SPI","result",1.55288618,0.00301575,0xAF,0x00
"SPI","result",1.55595399,0.00301869,0x82,0x00
"SPI","result",1.55902474,0.00301513,0x02,0x00
"SPI","result",1.56209193,0.00301706,0x03,0x00
"SPI","result",1.56516105,0.01220477,0x2E,0x00
"SPI","result",1.57741788,0.00303561,0x01,0x00
"SPI","result",1.58050555,0.00301694,0x6D,0x00
"SPI","result",1.58357454,0.0030172,0x1E,0x00
"SPI","result",1.58664379,0.00301663,0x6F,0x00
"SPI","result",1.58971248,0.00301675,0x1E,0x00
"SPI","result",1.59278129,0.00301682,0xAF,0x00
"SPI","result",1.59585016,0.00301707,0x82,0x00
"SPI","result",1.59891929,0.00301706,0x02,0x00
"SPI","result",1.60198841,0.00301663,0x03,0x00
"SPI","result",1.60505709,0.01220547,0x2E,0x00
"SPI","result",1.61731461,0.00303511,0x01,0x00
"SPI","result",1.62040178,0.00301694,0x6D,0x00
"SPI","result",1.62347078,0.00301681,0x1E,0x00
"SPI","result",1.62653965,0.00301701,0x6F,0x00
"SPI","result",1.62960871,0.00301663,0x1E,0x00
"SPI","result",1.6326774,0.00301706,0xAF,0x00
"SPI","result",1.63574652,0.00301794,0x82,0x00
"SPI","result",1.63881652,0.0030157,0x02,0x00
"SPI","result",1.64188427,0.00301682,0x03,0x00
"SPI","result",1.64495315,0.01220546,0x2E,0x00
"SPI","result",1.65721065,0.00303518,0x01,0x00
"SPI","result",1.66029789,0.00301707,0x6D,0x00
"SPI","result",1.66336701,0.00301676,0x1E,0x00
"SPI","result",1.66643582,0.00301676,0x6F,0x00
"SPI","result",1.66950463,0.00301701,0x1E,0x00
"SPI","result",1.67257369,0.00301676,0xAF,0x00
"SPI","result",1.67564251,0.00301794,0x82,0x00
"SPI","result",1.67871251,0.00301606,0x02,0x00
"SPI","result",1.68178063,0.00301676,0x03,0x00
"SPI","result",1.68484944,0.01220496,0x2E,0x00
"SPI","result",1.69710646,0.00303623,0x01,0x00
"SPI","result",1.70019475,0.0030165,0x6D,0x00
"SPI","result",1.70326331,0.00301819,0x1E,0x00
"SPI","result",1.70633356,0.0030155,0x6F,0x00
"SPI","result",1.70940112,0.00301694,0x1E,0x00
"SPI","result",1.71247012,0.00301688,0xAF,0x00
"SPI","result",1.71553905,0.00301776,0x82,0x00
"SPI","result",1.71860886,0.00301595,0x02,0x00
"SPI","result",1.72167686,0.00301664,0x03,0x00
"SPI","result",1.72474555,0.01220509,0x2E,0x00
"SPI","result",1.73700269,0.00303542,0x01,0x00
"SPI","result",1.74009017,0.00301738,0x6D,0x00
"SPI","result",1.7431596,0.00301639,0x1E,0x00
"SPI","result",1.74622804,0.00301744,0x6F,0x00
"SPI","result",1.74929754,0.00301638,0x1E,0x00
"SPI","result",1.75236598,0.00301681,0xAF,0x00
"SPI","result",1.75543485,0.00301719,0x82,0x00
"SPI","result",1.7585041,0.00301707,0x02,0x00
"SPI","result",1.76157322,0.00301639,0x03,0x00
"SPI","result",1.76464166,0.01220502,0x2E,0x00
"SPI","result",1.77689873,0.00303699,0x01,0x00
"SPI","result",1.77998778,0.00301575,0x6D,0x00
"SPI","result",1.78305559,0.00301688,0x1E,0x00
"SPI","result",1.78612452,0.0030167,0x6F,0x00
"SPI","result",1.78919327,0.0030182,0x1E,0x00
"SPI","result",1.79226352,0.00301688,0xAF,0x00
"SPI","result",1.79533246,0.00301544,0x82,0x00
"SPI","result",1.79839996,0.00301713,0x02,0x00
"SPI","result",1.80146914,0.00301682,0x03,0x00
"SPI","result",1.80453802,0.01220558,0x2E,0x00
"SPI","result",1.81679566,0.00303486,0x01,0x00
"SPI","result",1.81988257,0.00301688,0x6D,0x00
"SPI","result",1.82295151,0.00301701,0x1E,0x00
"SPI","result",1.82602057,0.00301682,0x6F,0x00
"SPI","result",1.82908945,0.00301675,0x1E,0x00
"SPI","result",1.83215826,0.00301688,0xAF,0x00
"SPI","result",1.83522719,0.00301726,0x82,0x00
"SPI","result",1.8382965,0.0030167,0x02,0x00
"SPI","result",1.84136525,0.00301682,0x03,0x00
"SPI","result",1.84443413,0.0122049,0x2E,0x00
"SPI","result",1.85669108,0.00303567,0x01,0x00
"SPI","result",1.85977881,0.00301688,0x6D,0x00
"SPI","result",1.86284775,0.00301675,0x1E,0x00
"SPI","result",1.86591656,0.00301694,0x6F,0x00
"SPI","result",1.86898556,0.00301681,0x1E,0x00
"SPI","result",1.87205443,0.0030185,0xAF,0x00
"SPI","result",1.87512499,0.00301532,0x82,0x00
"SPI","result",1.87819236,0.0030182,0x02,0x00
"SPI","result",1.88126262,0.00301562,0x03,0x00
"SPI","result",1.8843303,0.01220503,0x2E,0x00
"SPI","result",1.89658738,0.00303554,0x01,0x00
"SPI","result",1.89967498,0.00301719,0x6D,0x00
"SPI","result",1.90274423,0.00301644,0x1E,0x00
"SPI","result",1.90581273,0.00301688,0x6F,0x00
"SPI","result",1.90888167,0.00301688,0x1E,0x00
"SPI","result",1.9119506,0.00301688,0xAF,0x00
"SPI","result",1.91501954,0.00301688,0x82,0x00
"SPI","result",1.91808847,0.00302057,0x02,0x00
"SPI","result",1.92116109,0.00301333,0x03,0x00
"SPI","result",1.92422647,0.01220509,0x2E,0x00
"SPI","result",1.93648361,0.00303593,0x01,0x00
"SPI","result",1.93957159,0.00301638,0x6D,0x00
"SPI","result",1.94264003,0.00301694,0x1E,0x00
"SPI","result",1.94570903,0.00301763,0x6F,0x00
"SPI","result",1.94877871,0.00301601,0x1E,0x00
"SPI","result",1.95184677,0.00301695,0xAF,0x00
"SPI","result",1.95491577,0.00301707,0x82,0x00
"SPI","result",1.9579849,0.00301675,0x02,0x00
"SPI","result",1.96105371,0.00301813,0x03,0x00
"SPI","result",1.9641239,0.0122052,0x2E,0x00
"SPI","result",1.97638116,0.00303436,0x01,0x00
"SPI","result",1.97946758,0.00301663,0x6D,0x00
"SPI","result",1.98253627,0.00301762,0x1E,0x00
"SPI","result",1.98560595,0.00301688,0x6F,0x00
"SPI","result",1.98867489,0.00301619,0x1E,0x00
"SPI","result",1.99174314,0.00301694,0xAF,0x00
"SPI","result",1.99481214,0.00301681,0x82,0x00
"SPI","result",1.99788101,0.00301694,0x02,0x00
"SPI","result",2.00095,0.00301808,0x03,0x00
"SPI","result",2.00402013,0.01220371,0x2E,0x00
"SPI","result",2.01627589,0.00303549,0x01,0x00
"SPI","result",2.01936344,0.00301694,0x6D,0x00
"SPI","result",2.02243244,0.00301681,0x1E,0x00
"SPI","result",2.02550131,0.00301713,0x6F,0x00
"SPI","result",2.0285705,0.00301738,0x1E,0x00
"SPI","result",2.03163993,0.00301663,0xAF,0x00
"SPI","result",2.03470862,0.0030167,0x82,0x00
"SPI","result",2.03777737,0.00301669,0x02,0x00
"SPI","result",2.04084612,0.00301713,0x03,0x00
"SPI","result",2.0439153,0.01220459,0x2E,0x00
"SPI","result",2.05617194,0.0030363,0x01,0x00
"SPI","result",2.05926029,0.00301639,0x6D,0x00
"SPI","result",2.06232873,0.00301795,0x1E,0x00
"SPI","result",2.06539873,0.00301694,0x6F,0x00
"SPI","result",2.06846773,0.00301707,0x1E,0x00
"SPI","result",2.07153685,0.00301669,0xAF,0x00
"SPI","result",2.0746056,0.00301832,0x82,0x00
"SPI","result",2.07767597,0.00301558,0x02,0x00
"SPI","result",2.0807436,0.00301688,0x03,0x00
"SPI","result",2.08381254,0.01220533,0x2E,0x00
"SPI","result",2.09606992,0.00303518,0x01,0x00
"SPI","result",2.09915716,0.003017,0x6D,0x00
"SPI","result",2.10222622,0.00301669,0x1E,0x00
"SPI","result",2.10529497,0.00301694,0x6F,0x00
"SPI","result",2.10836396,0.00301676,0x1E,0x00
"SPI","result",2.11143277,0.00301689,0xAF,0x00
"SPI","result",2.11450171,0.00301688,0x82,0x00
"SPI","result",2.11757065,0.00302038,0x02,0x00
"SPI","result",2.12064308,0.00301257,0x03,0x00
"SPI","result",2.12370771,0.01220596,0x2E,0x00
"SPI","result",2.13596572,0.00303593,0x01,0x00
"SPI","result",2.1390537,0.00301638,0x6D,0x00
"SPI","result",2.14212214,0.00301701,0x1E,0x00
"SPI","result",2.1451912,0.00301738,0x6F,0x00
"SPI","result",2.14826063,0.00301626,0x1E,0x00
"SPI","result",2.15132895,0.00302044,0xAF,0x00
"SPI","result",2.15440145,0.00301201,0x82,0x00
"SPI","result",2.15746551,0.0030175,0x02,0x00
"SPI","result",2.16053507,0.00301663,0x03,0x00
"SPI","result",2.16360376,0.0122047,0x2E,0x00
"SPI","result",2.17586052,0.00303723,0x01,0x00
"SPI","result",2.17894981,0.00301544,0x6D,0x00
"SPI","result",2.18201731,0.00301676,0x1E,0x00
"SPI","result",2.18508612,0.0030167,0x6F,0x00
"SPI","result",2.18815487,0.0030172,0x1E,0x00
"SPI","result",2.19122412,0.00301657,0xAF,0x00
"SPI","result",2.19429275,0.00301732,0x82,0x00
"SPI","result",2.19736212,0.00301644,0x02,0x00
"SPI","result",2.20043062,0.00301713,0x03,0x00
"SPI","result",2.20349981,0.01220476,0x2E,0x00
"SPI","result",2.21575663,0.00303555,0x01,0x00
"SPI","result",2.21884423,0.00301688,0x6D,0x00
"SPI","result",2.22191317,0.00301694,0x1E,0x00
"SPI","result",2.22498217,0.00301863,0x6F,0x00
"SPI","result",2.22805285,0.00301557,0x1E,0x00
"SPI","result",2.23112048,0.00301663,0xAF,0x00
"SPI","result",2.23418917,0.00301669,0x82,0x00
"SPI","result",2.23725792,0.00301694,0x02,0x00
"SPI","result",2.24032691,0.00301676,0x03,0x00
"SPI","result",2.24339572,0.01220503,0x2E,0x00
"SPI","result",2.2556528,0.0030358,0x01,0x00
"SPI","result",2.25874065,0.00301664,0x6D,0x00
"SPI","result",2.26180934,0.00301732,0x1E,0x00
"SPI","result",2.26487872,0.00301644,0x6F,0x00
"SPI","result",2.26794722,0.00301725,0x1E,0x00
"SPI","result",2.27101652,0.00301663,0xAF,0x00
"SPI","result",2.27408521,0.00301695,0x82,0x00
"SPI","result",2.27715421,0.00301676,0x02,0x00
"SPI","result",2.28022302,0.00301707,0x03,0x00
"SPI","result",2.28329214,0.01220484,0x2E,0x00
"SPI","result",2.29554904,0.00303579,0x01,0x00
"SPI","result",2.29863689,0.00301669,0x6D,0x00
"SPI","result",2.30170564,0.0030175,0x1E,0x00
"SPI","result",2.3047752,0.00301626,0x6F,0x00
"SPI","result",2.30784351,0.00301713,0x1E,0x00
"SPI","result",2.31091269,0.00301664,0xAF,0x00
"SPI","result",2.31398138,0.00301676,0x82,0x00
"SPI","result",2.3170502,0.00301731,0x02,0x00
"SPI","result",2.32011957,0.0030165,0x03,0x00
"SPI","result",2.32318813,0.01220521,0x2E,0x00
"SPI","result",2.33544539,0.0030363,0x01,0x00
"SPI","result",2.33853375,0.00301638,0x6D,0x00
"SPI","result",2.34160218,0.00301757,0x1E,0x00
"SPI","result",2.34467181,0.00301582,0x6F,0x00
"SPI","result",2.34773969,0.00301706,0x1E,0x00
"SPI","result",2.3508088,0.00301707,0xAF,0x00
"SPI","result",2.35387793,0.00301707,0x82,0x00
"SPI","result",2.35694705,0.00301663,0x02,0x00
"SPI","result",2.36001574,0.00301681,0x03,0x00
"SPI","result",2.36308461,0.01220527,0x2E,0x00
"SPI","result",2.37534194,0.00303561,0x01,0x00
"SPI","result",2.3784296,0.0030162,0x6D,0x00
"SPI","result",2.38149785,0.00301713,0x1E,0x00
"SPI","result",2.38456704,0.00301663,0x6F,0x00
"SPI","result",2.38763573,0.00301838,0x1E,0x00
"SPI","result",2.39070616,0.00301545,0xAF,0x00
"SPI","result",2.39377366,0.00301689,0x82,0x00
"SPI","result",2.3968426,0.00301694,0x02,0x00
"SPI","result",2.3999116,0.00301682,0x03,0x00
"SPI","result",2.40298047,0.01220502,0x2E,0x00
"SPI","result",2.41523755,0.00303567,0x01,0x00
"SPI","result",2.41832528,0.00301669,0x6D,0x00
"SPI","result",2.42139403,0.00301688,0x1E,0x00
"SPI","result",2.42446296,0.0030172,0x6F,0x00
"SPI","result",2.42753221,0.00301694,0x1E,0x00
"SPI","result",2.43060121,0.00301651,0xAF,0x00
"SPI","result",2.43366977,0.00301714,0x82,0x00
"SPI","result",2.43673895,0.00301664,0x02,0x00
"SPI","result",2.43980764,0.00301738,0x03,0x00
"SPI","result",2.44287708,0.01220452,0x2E,0x00
"SPI","result",2.45513366,0.00303561,0x01,0x00
"SPI","result",2.45822132,0.0030172,0x6D,0x00
"SPI","result",2.46129057,0.00301651,0x1E,0x00
"SPI","result",2.46435913,0.00301782,0x6F,0x00
"SPI","result",2.46742901,0.003016,0x1E,0x00
"SPI","result",2.47049707,0.00301719,0xAF,0x00
"SPI","result",2.47356632,0.00301651,0x82,0x00
"SPI","result",2.47663488,0.00301725,0x02,0x00
"SPI","result",2.47970419,0.00301682,0x03,0x00
"SPI","result",2.48277307,0.01220476,0x2E,0x00
"SPI","result",2.49502989,0.00303555,0x01,0x00
"SPI","result",2.49811749,0.00301707,0x6D,0x00
"SPI","result",2.50118661,0.00301664,0x1E,0x00
"SPI","result",2.5042553,0.00301764,0x6F,0x00
"SPI","result",2.50732499,0.00301625,0x1E,0x00
"SPI","result",2.5103933,0.00301701,0xAF,0x00
"SPI","result",2.51346236,0.0030167,0x82,0x00
"SPI","result",2.51653111,0.003017,0x02,0x00
"SPI","result",2.51960017,0.00301801,0x03,0x00
"SPI","result",2.52267023,0.01220377,0x2E,0x00
"SPI","result",2.53492606,0.00303661,0x01,0x00
"SPI","result",2.53801472,0.00301576,0x6D,0x00
"SPI","result",2.54108254,0.00301713,0x1E,0x00
"SPI","result",2.54415172,0.00301683,0x6F,0x00
"SPI","result",2.5472206,0.00303255,0x1E,0x00
"SPI","result",2.55030521,0.00300126,0xAF,0x00
"SPI","result",2.55335853,0.00301663,0x82,0x00
"SPI","result",2.55642722,0.00301713,0x02,0x00
"SPI","result",2.5594964,0.00301676,0x03,0x00
"SPI","result",2.56256521,0.01220497,0x2E,0x00
"SPI","result",2.57482223,0.00303624,0x01,0x00
"SPI","result",2.57791052,0.00301632,0x6D,0x00
"SPI","result",2.58097889,0.00301676,0x1E,0x00
"SPI","result",2.58404771,0.00301713,0x6F,0x00
"SPI","result",2.58711689,0.00301669,0x1E,0x00
"SPI","result",2.59018564,0.00301682,0xAF,0x00
"SPI","result",2.59325451,0.00301695,0x82,0x00
"SPI","result",2.59632351,0.00301707,0x02,0x00
"SPI","result",2.59939263,0.00301664,0x03,0x00
"SPI","result",2.60246132,0.01220527,0x2E,0x00
"SPI","result",2.61471865,0.0030358,0x01,0x00
"SPI","result",2.6178065,0.00301632,0x6D,0x00
"SPI","result",2.62087488,0.00301725,0x1E,0x00
"SPI","result",2.62394419,0.00301732,0x6F,0x00
"SPI","result",2.62701356,0.00301613,0x1E,0x00
"SPI","result",2.63008174,0.00301832,0xAF,0x00
"SPI","result",2.63315212,0.00301538,0x82,0x00
"SPI","result",2.63621956,0.00301744,0x02,0x00
"SPI","result",2.63928906,0.00301638,0x03,0x00
"SPI","result",2.64235749,0.0122059,0x2E,0x00
"SPI","result",2.65461544,0.00303487,0x01,0x00
"SPI","result",2.65770236,0.00301669,0x6D,0x00
"SPI","result",2.66077111,0.00301706,0x1E,0x00
"SPI","result",2.66384023,0.00301663,0x6F,0x00
"SPI","result",2.66690892,0.00301706,0x1E,0x00
"SPI","result",2.66997804,0.00301688,0xAF,0x00
"SPI","result",2.67304698,0.00301738,0x82,0x00
"SPI","result",2.67611641,0.0030162,0x02,0x00
"SPI","result",2.67918466,0.0030172,0x03,0x00
"SPI","result",2.68225391,0.01220477,0x2E,0x00
"SPI","result",2.69451074,0.00303555,0x01,0x00
"SPI","result",2.69759834,0.00301725,0x6D,0x00
"SPI","result",2.70066765,0.00301663,0x1E,0x00
"SPI","result",2.70373634,0.00301669,0x6F,0x00
"SPI","result",2.70680508,0.00301695,0x1E,0x00
"SPI","result",2.70987408,0.00301776,0xAF,0x00
"SPI","result",2.71294389,0.00301651,0x82,0x00
"SPI","result",2.71601246,0.00301675,0x02,0x00
"SPI","result",2.71908127,0.00301651,0x03,0x00
"SPI","result",2.72214983,0.01220577,0x2E,0x00
"SPI","result",2.73440765,0.00303474,0x01,0x00
"SPI","result",2.73749445,0.00301731,0x6D,0x00
"SPI","result",2.74056382,0.00301663,0x1E,0x00
"SPI","result",2.74363251,0.00301813,0x6F,0x00
"SPI","result",2.74670269,0.00301569,0x1E,0x00
"SPI","result",2.74977044,0.00301675,0xAF,0x00
"SPI","result",2.75283925,0.00301682,0x82,0x00
"SPI","result",2.75590813,0.00301706,0x02,0x00
"SPI","result",2.75897725,0.00301675,0x03,0x00
"SPI","result",2.76204606,0.01220508,0x2E,0x00
"SPI","result",2.7743032,0.00303536,0x01,0x00
"SPI","result",2.77739061,0.00301707,0x6D,0x00
"SPI","result",2.78045974,0.00301682,0x1E,0x00
"SPI","result",2.78352861,0.00301707,0x6F,0x00
"SPI","result",2.78659774,0.00301662,0x1E,0x00
"SPI","result",2.78966642,0.00301682,0xAF,0x00
"SPI","result",2.7927353,0.00301706,0x82,0x00
"SPI","result",2.79580442,0.00301681,0x02,0x00
"SPI","result",2.79887329,0.00301682,0x03,0x00
"SPI","result",2.80194216,0.01220497,0x2E,0x00
"SPI","result",2.81419918,0.00303605,0x01,0x00
"SPI","result",2.81728728,0.00301645,0x6D,0x00
"SPI","result",2.82035578,0.003017,0x1E,0x00
"SPI","result",2.82342484,0.00301695,0x6F,0x00
"SPI","result",2.82649384,0.00301694,0x1E,0x00
"SPI","result",2.82956284,0.00301675,0xAF,0x00
"SPI","result",2.83263165,0.00301669,0x82,0x00
"SPI","result",2.8357004,0.003017,0x02,0x00
"SPI","result",2.83876946,0.003017,0x03,0x00
"SPI","result",2.84183852,0.01220502,0x2E,0x00
"SPI","result",2.8540956,0.0030353,0x01,0x00
"SPI","result",2.85718295,0.00301707,0x6D,0x00
"SPI","result",2.86025208,0.00301669,0x1E,0x00
"SPI","result",2.86332083,0.00301706,0x6F,0x00
"SPI","result",2.86638995,0.00301669,0x1E,0x00
"SPI","result",2.8694587,0.00301831,0xAF,0x00
"SPI","result",2.87252907,0.0030155,0x82,0x00
"SPI","result",2.87559663,0.00301713,0x02,0x00
"SPI","result",2.87866582,0.00301688,0x03,0x00
"SPI","result",2.88173475,0.01220477,0x2E,0x00
"SPI","result",2.89399158,0.00303611,0x01,0x00
"SPI","result",2.89707974,0.00301694,0x6D,0x00
"SPI","result",2.90014874,0.00301626,0x1E,0x00
"SPI","result",2.90321706,0.00301694,0x6F,0x00
"SPI","result",2.90628605,0.00301738,0x1E,0x00
"SPI","result",2.90935549,0.00301625,0xAF,0x00
"SPI","result",2.9124238,0.00301782,0x82,0x00
"SPI","result",2.91549367,0.00301595,0x02,0x00
"SPI","result",2.91856167,0.00301688,0x03,0x00
"SPI","result",2.92163061,0.01220546,0x2E,0x00
"SPI","result",2.93388812,0.00303518,0x01,0x00
"SPI","result",2.93697535,0.00301688,0x6D,0x00
"SPI","result",2.94004429,0.00301725,0x1E,0x00
"SPI","result",2.9431136,0.00301651,0x6F,0x00
"SPI","result",2.94618216,0.00301713,0x1E,0x00
"SPI","result",2.94925134,0.00301807,0xAF,0x00
"SPI","result",2.95232147,0.00301538,0x82,0x00
"SPI","result",2.95538891,0.003017,0x02,0x00
"SPI","result",2.95845797,0.00301682,0x03,0x00
"SPI","result",2.96152684,0.01220508,0x2E,0x00
"SPI","result",2.97378398,0.00303717,0x01,0x00
"SPI","result",2.9768732,0.00301526,0x6D,0x00
"SPI","result",2.97994052,0.00301719,0x1E,0x00
"SPI","result",2.98300977,0.00301644,0x6F,0x00
"SPI","result",2.98607827,0.00301837,0x1E,0x00
"SPI","result",2.9891487,0.00301538,0xAF,0x00
"SPI","result",2.99221614,0.00301781,0x82,0x00
"SPI","result",2.99528601,0.00301651,0x02,0x00
"SPI","result",2.99835457,0.00301657,0x03,0x00
"SPI","result",3.00142319,0.01220484,0x2E,0x00
"SPI","result",3.01368008,0.00303574,0x01,0x00
"SPI","result",3.01676788,0.00301688,0x6D,0x00
"SPI","result",3.01983681,0.00301669,0x1E,0x00
"SPI","result",3.02290556,0.00301694,0x6F,0x00
"SPI","result",3.02597456,0.00301676,0x1E,0x00
"SPI","result",3.02904337,0.00301707,0xAF,0x00
"SPI","result",3.03211249,0.00301719,0x82,0x00
"SPI","result",3.03518174,0.0030167,0x02,0x00
"SPI","result",3.03825049,0.00301676,0x03,0x00
"SPI","result",3.0413193,0.0122049,0x2E,0x00
"SPI","result",3.05357625,0.00303624,0x01,0x00
"SPI","result",3.05666454,0.00301626,0x6D,0x00
"SPI","result",3.05973286,0.00301706,0x1E,0x00
"SPI","result",3.06280198,0.00301657,0x6F,0x00
"SPI","result",3.0658706,0.00301695,0x1E,0x00
"SPI","result",3.0689396,0.00301813,0xAF,0x00
"SPI","result",3.07200979,0.00301587,0x82,0x00
"SPI","result",3.07507772,0.0030167,0x02,0x00
"SPI","result",3.07814647,0.00301763,0x03,0x00
"SPI","result",3.08121616,0.01220446,0x2E,0x00
"SPI","result",3.09347267,0.00303586,0x01,0x00
"SPI","result",3.09656059,0.00301632,0x6D,0x00
"SPI","result",3.09962896,0.003017,0x1E,0x00
"SPI","result",3.10269802,0.00301694,0x6F,0x00
"SPI","result",3.10576702,0.00301663,0x1E,0x00
"SPI","result",3.10883571,0.00303018,0xAF,0x00
"SPI","result",3.11191794,0.00300371,0x82,0x00
"SPI","result",3.1149737,0.00301694,0x02,0x00
"SPI","result",3.1180427,0.00301719,0x03,0x00
"SPI","result",3.12111195,0.0122049,0x2E,0x00
"SPI","result",3.1333689,0.0030353,0x01,0x00
"SPI","result",3.13645625,0.00301707,0x6D,0x00
"SPI","result",3.13952538,0.00301713,0x1E,0x00
"SPI","result",3.14259457,0.00301644,0x6F,0x00
"SPI","result",3.14566306,0.00301676,0x1E,0x00
"SPI","result",3.14873187,0.00301826,0xAF,0x00
"SPI","result",3.15180218,0.00301551,0x82,0x00
"SPI","result",3.15486974,0.00301701,0x02,0x00
"SPI","result",3.1579388,0.00301677,0x03,0x00
"SPI","result",3.16100762,0.01220627,0x2E,0x00
"SPI","result",3.17326594,0.00303455,0x01,0x00
"SPI","result",3.17635255,0.003017,0x6D,0x00
"SPI","result",3.17942161,0.00301663,0x1E,0x00
"SPI","result",3.1824903,0.00301681,0x6F,0x00
"SPI","result",3.18555917,0.00301794,0x1E,0x00
"SPI","result",3.18862917,0.003016,0xAF,0x00
"SPI","result",3.19169723,0.00301731,0x82,0x00
"SPI","result",3.1947666,0.00301638,0x02,0x00
"SPI","result",3.19783504,0.00301669,0x03,0x00
"SPI","result",3.20090378,0.01220578,0x2E,0x00
"SPI","result",3.21316161,0.00303499,0x01,0x00
"SPI","result",3.21624866,0.00301669,0x6D,0x00
"SPI","result",3.2193174,0.00301732,0x1E,0x00
"SPI","result",3.22238677,0.00301713,0x6F,0x00
"SPI","result",3.22545596,0.00301675,0x1E,0x00
"SPI","result",3.22852477,0.00301663,0xAF,0x00
"SPI","result",3.23159346,0.00301663,0x82,0x00
"SPI","result",3.23466214,0.00301689,0x02,0x00
"SPI","result",3.23773108,0.00301707,0x03,0x00
"SPI","result",3.2408002,0.01220559,0x2E,0x00
"SPI","result",3.25305784,0.00303474,0x01,0x00
"SPI","result",3.25614463,0.00301688,0x6D,0x00
"SPI","result",3.25921357,0.00301751,0x1E,0x00
"SPI","result",3.26228314,0.00301643,0x6F,0x00
"SPI","result",3.26535163,0.00301669,0x1E,0x00
"SPI","result",3.26842038,0.00301782,0xAF,0x00
"SPI","result",3.27149025,0.00301713,0x82,0x00
"SPI","result",3.27455944,0.00301569,0x02,0x00
"SPI","result",3.27762718,0.00301782,0x03,0x00
"SPI","result",3.28069706,0.01220495,0x2E,0x00
"SPI","result",3.29295407,0.00303543,0x01,0x00
"SPI","result",3.29604155,0.00301688,0x6D,0x00
"SPI","result",3.29911049,0.0030165,0x1E,0x00
"SPI","result",3.30217905,0.00301669,0x6F,0x00
"SPI","result",3.3052478,0.00301694,0x1E,0x00
"SPI","result",3.3083168,0.00301719,0xAF,0x00
"SPI","result",3.31138605,0.00301706,0x82,0x00
"SPI","result",3.31445517,0.00301651,0x02,0x00
"SPI","result",3.31752373,0.00301682,0x03,0x00
"SPI","result",3.3205926,0.01220478,0x2E,0x00
"SPI","result",3.33284943,0.00303579,0x01,0x00
"SPI","result",3.33593728,0.00301701,0x6D,0x00
"SPI","result",3.33900634,0.00301682,0x1E,0x00
"SPI","result",3.34207522,0.00301706,0x6F,0x00
"SPI","result",3.34514434,0.00301632,0x1E,0x00
"SPI","result",3.34821271,0.00301813,0xAF,0x00
"SPI","result",3.3512829,0.00301563,0x82,0x00
"SPI","result",3.35435059,0.00301688,0x02,0x00
"SPI","result",3.35741952,0.00301701,0x03,0x00
"SPI","result",3.36048858,0.0122064,0x2E,0x00
"SPI","result",3.37274703,0.00303417,0x01,0x00
"SPI","result",3.37583326,0.00301707,0x6D,0x00
"SPI","result",3.37890238,0.0030167,0x1E,0x00
"SPI","result",3.38197113,0.00301719,0x6F,0x00
"SPI","result",3.38504038,0.00301669,0x1E,0x00
"SPI","result",3.38810913,0.00301788,0xAF,0x00
"SPI","result",3.39117907,0.00301606,0x82,0x00
"SPI","result",3.39424719,0.00301663,0x02,0x00
"SPI","result",3.39731588,0.00301681,0x03,0x00
"SPI","result",3.40038475,0.01220496,0x2E,0x00
"SPI","result",3.41264176,0.00303555,0x01,0x00
"SPI","result",3.41572937,0.00301794,0x6D,0x00
"SPI","result",3.41879936,0.00301626,0x1E,0x00
"SPI","result",3.42186767,0.00301657,0x6F,0x00
"SPI","result",3.4249363,0.00301681,0x1E,0x00
"SPI","result",3.42800517,0.00301775,0xAF,0x00
"SPI","result",3.43107498,0.0030162,0x82,0x00
"SPI","result",3.43414323,0.00301664,0x02,0x00
"SPI","result",3.43721192,0.00301688,0x03,0x00
"SPI","result",3.44028086,0.01220533,0x2E,0x00
"SPI","result",3.45253824,0.00303517,0x01,0x00
"SPI","result",3.45562547,0.00301794,0x6D,0x00
"SPI","result",3.45869547,0.00301632,0x1E,0x00
"SPI","result",3.46176384,0.00301669,0x6F,0x00
"SPI","result",3.46483259,0.00301694,0x1E,0x00
"SPI","result",3.46790159,0.00301788,0xAF,0x00
"SPI","result",3.47097152,0.00301682,0x82,0x00
"SPI","result",3.4740404,0.00301582,0x02,0x00
"SPI","result",3.47710827,0.00301663,0x03,0x00
"SPI","result",3.48017696,0.0122054,0x2E,0x00
"SPI","result",3.49243441,0.00303593,0x01,0x00
"SPI","result",3.49552239,0.00301613,0x6D,0x00
"SPI","result",3.49859058,0.00301707,0x1E,0x00
"SPI","result",3.50165969,0.00301764,0x6F,0x00
"SPI","result",3.50472938,0.00301652,0x1E,0x00
"SPI","result",3.50779794,0.00301639,0xAF,0x00
"SPI","result",3.51086638,0.00301701,0x82,0x00
"SPI","result",3.51393544,0.00301701,0x02,0x00
"SPI","result",3.5170045,0.00301676,0x03,0x00
"SPI","result",3.52007331,0.01220484,0x2E,0x00
"SPI","result",3.5323302,0.00303561,0x01,0x00
"SPI","result",3.53541786,0.00301707,0x3D,0x00
"SPI","result",3.53848699,0.00301676,0x1E,0x00
"SPI","result",3.5415558,0.00301688,0x6F,0x00
"SPI","result",3.54462474,0.00301682,0x1E,0x00
"SPI","result",3.54769361,0.00301701,0xAF,0x00
"SPI","result",3.55076267,0.0030167,0x82,0x00
"SPI","result",3.55383142,0.0030187,0x02,0x00
"SPI","result",3.55690216,0.00301514,0x03,0x00
"SPI","result",3.55996935,0.01220509,0x7E,0x00
"SPI","result",3.57222649,0.00303624,0x01,0x00
"SPI","result",3.57531478,0.0030162,0x3D,0x00
"SPI","result",3.57838303,0.00301682,0x1E,0x00
"SPI","result",3.5814519,0.00301745,0x6F,0x00
"SPI","result",3.5845214,0.00301645,0x1E,0x00
"SPI","result",3.5875899,0.00301669,0xAF,0x00
"SPI","result",3.59065865,0.00301719,0x82,0x00
"SPI","result",3.59372789,0.00301745,0x02,0x00
"SPI","result",3.59679739,0.0030162,0x03,0x00
"SPI","result",3.59986564,0.0122049,0x7E,0x00
"SPI","result",3.61212259,0.00303549,0x01,0x00
"SPI","result",3.61521013,0.00301714,0x3D,0x00
"SPI","result",3.61827932,0.00301669,0x1E,0x00
"SPI","result",3.62134807,0.00301682,0x6F,0x00
"SPI","result",3.62441694,0.00301707,0x1E,0x00
"SPI","result",3.62748606,0.00301689,0xAF,0x00
"SPI","result",3.630555,0.0030167,0x82,0x00
"SPI","result",3.63362375,0.00301701,0x02,0x00
"SPI","result",3.63669281,0.00301713,0x03,0x00
"SPI","result",3.63976199,0.0122064,0x7E,0x00
"SPI","result",3.65202044,0.00303393,0x01,0x00
"SPI","result",3.65510642,0.00301676,0x3D,0x00
"SPI","result",3.65817524,0.00301688,0x1E,0x00
"SPI","result",3.66124417,0.00301707,0x6F,0x00
"SPI","result",3.6643133,0.00301682,0x1E,0x00
"SPI","result",3.66738217,0.00301676,0xAF,0x00
"SPI","result",3.67045098,0.00301744,0x82,0x00
"SPI","result",3.67352048,0.00301701,0x02,0x00
"SPI","result",3.67658954,0.00301644,0x03,0x00
"SPI","result",3.67965804,0.01220502,0x7E,0x00
"SPI","result",3.69191511,0.00303587,0x01,0x00
"SPI","result",3.69500303,0.00301788,0x3D,0x00
"SPI","result",3.69807296,0.00301538,0x1E,0x00
"SPI","result",3.7011404,0.00301775,0x6F,0x00
"SPI","result",3.70421021,0.00301651,0x1E,0x00
"SPI","result",3.70727877,0.00301769,0xAF,0x00
"SPI","result",3.71034852,0.00301557,0x82,0x00
"SPI","result",3.71341614,0.00301701,0x02,0x00
"SPI","result",3.7164852,0.00301695,0x03,0x00
"SPI","result",3.7195542,0.01220477,0x7E,0x00
"SPI","result",3.73181103,0.0030358,0x01,0x00
"SPI","result",3.73489888,0.00301664,0x3D,0x00
"SPI","result",3.73796757,0.00301713,0x1E,0x00
"SPI","result",3.74103676,0.00301694,0x6F,0x00
"SPI","result",3.74410575,0.00301688,0x1E,0x00
"SPI","result",3.74717469,0.00301906,0xAF,0x00
"SPI","result",3.75024581,0.00301457,0x82,0x00
"SPI","result",3.75331243,0.00301764,0x02,0x00
"SPI","result",3.75638212,0.00301619,0x03,0x00
"SPI","result",3.75945036,0.01220615,0x7E,0x00
"SPI","result",3.77170856,0.00303418,0x01,0x00
"SPI","result",3.77479479,0.0030187,0x3D,0x00
"SPI","result",3.77786554,0.00301545,0x1E,0x00
"SPI","result",3.78093304,0.00301744,0x6F,0x00
"SPI","result",3.78400254,0.00301595,0x1E,0x00
"SPI","result",3.78707054,0.00301707,0xAF,0x00
"SPI","result",3.79013966,0.0030172,0x82,0x00
"SPI","result",3.79320891,0.00301664,0x02,0x00
"SPI","result",3.7962776,0.003018,0x03,0x00
"SPI","result",3.79934766,0.01220508,0x7E,0x00
"SPI","result",3.81160479,0.00303456,0x01,0x00
"SPI","result",3.8146914,0.00301664,0x3D,0x00
"SPI","result",3.81776009,0.00301713,0x1E,0x00
"SPI","result",3.82082927,0.00301677,0x6F,0x00
"SPI","result",3.82389808,0.00301664,0x1E,0x00
"SPI","result",3.82696676,0.0030169,0xAF,0x00
"SPI","result",3.8300357,0.00301789,0x82,0x00
"SPI","result",3.83310564,0.00301589,0x02,0x00
"SPI","result",3.83617358,0.00302032,0x03,0x00
"SPI","result",3.83924594,0.01220165,0x7E,0x00
"SPI","result",3.85149965,0.00303718,0x01,0x00
"SPI","result",3.85458888,0.00301526,0x3D,0x00
"SPI","result",3.85765619,0.00301689,0x1E,0x00
"SPI","result",3.86072512,0.00301689,0x6F,0x00
"SPI","result",3.86379406,0.00301858,0x1E,0x00
"SPI","result",3.86686468,0.00301582,0xAF,0x00
"SPI","result",3.86993256,0.00301651,0x82,0x00
"SPI","result",3.87300111,0.00301652,0x02,0x00
"SPI","result",3.87606967,0.00301708,0x03,0x00
"SPI","result",3.8791388,0.0122049,0x7E,0x00
"SPI","result",3.89139575,0.00303555,0x01,0x00
"SPI","result",3.89448335,0.00301683,0x3D,0x00
"SPI","result",3.89755223,0.00301713,0x1E,0x00
"SPI","result",3.90062141,0.0030167,0x6F,0x00
"SPI","result",3.90369016,0.00301683,0x1E,0x00
"SPI","result",3.90675904,0.00301706,0xAF,0x00
"SPI","result",3.90982816,0.00301669,0x82,0x00
"SPI","result",3.9128969,0.00301714,0x02,0x00
"SPI","result",3.91596609,0.00301676,0x03,0x00
"SPI","result",3.9190349,0.01220646,0x7E,0x00
"SPI","result",3.93129341,0.00303462,0x01,0x00
"SPI","result",3.93438008,0.00301676,0x3D,0x00
"SPI","result",3.93744889,0.00301657,0x1E,0x00
"SPI","result",3.94051752,0.00301694,0x6F,0x00
"SPI","result",3.94358652,0.003017,0x1E,0x00
"SPI","result",3.94665557,0.00301651,0xAF,0x00
"SPI","result",3.94972413,0.00301689,0x82,0x00
"SPI","result",3.95279307,0.003017,0x02,0x00
"SPI","result",3.95586213,0.00301676,0x03,0x00
"SPI","result",3.95893094,0.01220515,0x7E,0x00
"SPI","result",3.97118814,0.0030358,0x01,0x00
"SPI","result",3.97427599,0.00301702,0x3D,0x00
"SPI","result",3.97734505,0.00301682,0x1E,0x00
"SPI","result",3.98041393,0.00301669,0x6F,0x00
"SPI","result",3.98348268,0.00301663,0x1E,0x00
"SPI","result",3.98655136,0.00301813,0xAF,0x00
"SPI","result",3.98962155,0.00301575,0x82,0x00
"SPI","result",3.99268936,0.00301701,0x02,0x00
"SPI","result",3.99575842,0.00301663,0x03,0x00
"SPI","result",3.99882711,0.01220509,0x7E,0x00
"SPI","result",4.01108424,0.00303562,0x01,0x00
"SPI","result",4.01417191,0.00301701,0x3D,0x00
"SPI","result",4.01724097,0.00301795,0x1E,0x00
"SPI","result",4.02031097,0.00301588,0x6F,0x00
"SPI","result",4.02337891,0.00301794,0x1E,0x00
"SPI","result",4.0264489,0.00301695,0xAF,0x00
"SPI","result",4.0295179,0.00301557,0x82,0x00
"SPI","result",4.03258552,0.00301714,0x02,0x00
"SPI","result",4.03565471,0.0030167,0x03,0x00
"SPI","result",4.03872346,0.01220533,0x7E,0x00
"SPI","result",4.05098084,0.00303668,0x01,0x00
"SPI","result",4.05406957,0.00301551,0x3D,0x00
"SPI","result",4.05713714,0.00301737,0x1E,0x00
"SPI","result",4.06020657,0.00301626,0x6F,0x00
"SPI","result",4.06327488,0.00301726,0x1E,0x00
"SPI","result",4.06634419,0.00301638,0xAF,0x00
"SPI","result",4.06941263,0.00301688,0x82,0x00
"SPI","result",4.07248157,0.00301687,0x02,0x00
"SPI","result",4.0755505,0.003017,0x03,0x00
"SPI","result",4.07861956,0.01220515,0x7E,0x00
"SPI","result",4.09087676,0.00303531,0x01,0x00
"SPI","result",4.09396411,0.00301689,0x3D,0x00
"SPI","result",4.09703305,0.00301739,0x1E,0x00
"SPI","result",4.10010248,0.00301639,0x6F,0x00
"SPI","result",4.10317092,0.00301726,0x1E,0x00
"SPI","result",4.10624023,0.00301664,0xAF,0x00
"SPI","result",4.10930892,0.00301701,0x82,0x00
"SPI","result",4.11237798,0.00301813,0x02,0x00
"SPI","result",4.11544816,0.00301551,0x03,0x00
"SPI","result",4.11851572,0.01220578,0x7E,0x00
"SPI","result",4.13077355,0.00303474,0x01,0x00
"SPI","result",4.13386034,0.00301689,0x3D,0x00
"SPI","result",4.13692928,0.00301681,0x1E,0x00
"SPI","result",4.13999815,0.00301744,0x6F,0x00
"SPI","result",4.14306765,0.00301651,0x1E,0x00
"SPI","result",4.14613621,0.00301744,0xAF,0x00
"SPI","result",4.1492057,0.00301645,0x82,0x00
"SPI","result",4.1522742,0.0030172,0x02,0x00
"SPI","result",4.15534345,0.00301645,0x03,0x00
"SPI","result",4.15841195,0.01220627,0x7E,0x00
"SPI","result",4.17067027,0.00303424,0x01,0x00
"SPI","result",4.17375657,0.00301707,0x3D,0x00
"SPI","result",4.17682569,0.00301763,0x1E,0x00
"SPI","result",4.17989537,0.00301633,0x6F,0x00
"SPI","result",4.18296374,0.00301702,0x1E,0x00
"SPI","result",4.18603281,0.00301689,0xAF,0x00
"SPI","result",4.18910174,0.00301657,0x82,0x00
"SPI","result",4.19217037,0.00301663,0x02,0x00
"SPI","result",4.19523905,0.00301682,0x03,0x00
"SPI","result",4.19830793,0.01220501,0x7E,0x00
"SPI","result",4.210565,0.00303693,0x01,0x00
"SPI","result",4.21365397,0.00301552,0x3D,0x00
"SPI","result",4.21672154,0.003017,0x1E,0x00
"SPI","result",4.2197906,0.00301744,0x6F,0x00
"SPI","result",4.2228601,0.00301632,0x1E,0x00
"SPI","result",4.22592847,0.00301713,0xAF,0x00
"SPI","result",4.22899765,0.00301664,0x82,0x00
"SPI","result",4.23206634,0.00301832,0x02,0x00
"SPI","result",4.23513671,0.00301551,0x03,0x00
"SPI","result",4.23820427,0.01220603,0x7E,0x00
"SPI","result",4.25046235,0.00303436,0x01,0x00
"SPI","result",4.25354877,0.00301688,0x3D,0x00
"SPI","result",4.25661771,0.00301694,0x1E,0x00
"SPI","result",4.2596867,0.00301688,0x6F,0x00
"SPI","result",4.26275564,0.00301681,0x1E,0x00
"SPI","result",4.26582451,0.00301707,0xAF,0x00
"SPI","result",4.26889364,0.00301681,0x82,0x00
"SPI","result",4.27196251,0.00301688,0x02,0x00
"SPI","result",4.27503144,0.00301707,0x03,0x00
"SPI","result",4.27810057,0.01220471,0x7E,0x00
"SPI","result",4.29035733,0.00303561,0x01,0x00
"SPI","result",4.29344499,0.00301707,0x3D,0x00
"SPI","result",4.29651412,0.00301675,0x1E,0x00
"SPI","result",4.29958293,0.00301688,0x6F,0x00
"SPI","result",4.30265187,0.00301681,0x1E,0x00
"SPI","result",4.30572074,0.00301819,0xAF,0x00
"SPI","result",4.30879098,0.00301551,0x82,0x00
"SPI","result",4.31185854,0.00301689,0x02,0x00
"SPI","result",4.31492748,0.00301701,0x03,0x00
"SPI","result",4.31799654,0.01220646,0x7E,0x00
"SPI","result",4.33025506,0.00303399,0x01,0x00
"SPI","result",4.3333411,0.00301751,0x3D,0x00
"SPI","result",4.33641065,0.00301627,0x1E,0x00
"SPI","result",4.33947897,0.00301744,0x6F,0x00
"SPI","result",4.34254846,0.00301776,0x1E,0x00
"SPI","result",4.34561827,0.00301545,0xAF,0x00
"SPI","result",4.34868578,0.00301687,0x82,0x00
"SPI","result",4.35175471,0.0030172,0x02,0x00
"SPI","result",4.35482396,0.00301745,0x03,0x00
"SPI","result",4.35789345,0.01220509,0x7E,0x00
"SPI","result",4.37015059,0.00303486,0x01,0x00
"SPI","result",4.3732375,0.0030167,0x3D,0x00
"SPI","result",4.37630626,0.003017,0x1E,0x00
"SPI","result",4.37937532,0.00301701,0x6F,0x00
"SPI","result",4.38244438,0.00301676,0x1E,0x00
"SPI","result",4.38551319,0.00301676,0xAF,0x00
"SPI","result",4.388582,0.00301701,0x82,0x00
"SPI","result",4.39165106,0.00301719,0x02,0x00
"SPI","result",4.39472031,0.00301663,0x03,0x00
"SPI","result",4.39778899,0.01220583,0x7E,0x00
"SPI","result",4.41004688,0.00303499,0x01,0x00
"SPI","result",4.41313392,0.00301795,0x3D,0x00
"SPI","result",4.41620392,0.00301563,0x1E,0x00
"SPI","result",4.4192716,0.00301695,0x6F,0x00
"SPI","result",4.4223406,0.00301694,0x1E,0x00
"SPI","result",4.4254096,0.00301651,0xAF,0x00
"SPI","result",4.42847816,0.00301682,0x82,0x00
"SPI","result",4.43154704,0.00301769,0x02,0x00
"SPI","result",4.43461678,0.00301651,0x03,0x00
"SPI","result",4.43768534,0.01220459,0x7E,0x00
"SPI","result",4.44994198,0.00303555,0x01,0x00
"SPI","result",4.45302958,0.00301832,0x3D,0x00
"SPI","result",4.45609996,0.00301544,0x1E,0x00
"SPI","result",4.45916746,0.00301713,0x6F,0x00
"SPI","result",4.46223664,0.00301676,0x1E,0x00
"SPI","result",4.46530545,0.0030338,0xAF,0x00
"SPI","result",4.46839131,0.00299989,0x82,0x00
"SPI","result",4.47144326,0.00301688,0x02,0x00
"SPI","result",4.4745122,0.00301688,0x03,0x00
"SPI","result",4.47758113,0.01220515,0x7E,0x00
"SPI","result",4.48983833,0.00303718,0x01,0x00
"SPI","result",4.49292756,0.00301526,0x3D,0x00
"SPI","result",4.49599487,0.00301689,0x1E,0x00
"SPI","result",4.49906381,0.00301706,0x6F,0x00
"SPI","result",4.50213293,0.003017,0x1E,0x00
"SPI","result",4.50520199,0.00301651,0xAF,0x00
"SPI","result",4.50827055,0.00301682,0x82,0x00
"SPI","result",4.51133942,0.0030172,0x02,0x00
"SPI","result",4.51440867,0.0030167,0x03,0x00
"SPI","result",4.51747742,0.01220496,0x7E,0x00
"SPI","result",4.52973443,0.00303543,0x01,0x00
"SPI","result",4.53282191,0.00301869,0x3D,0x00
"SPI","result",4.53589266,0.00301507,0x1E,0x00
"SPI","result",4.53895979,0.00301725,0x6F,0x00
"SPI","result",4.54202909,0.00301651,0x1E,0x00
"SPI","result",4.54509765,0.00301689,0xAF,0x00
"SPI","result",4.54816659,0.00301832,0x82,0x00
"SPI","result",4.55123696,0.00301582,0x02,0x00
"SPI","result",4.55430484,0.0030165,0x03,0x00
"SPI","result",4.55737339,0.0122054,0x7E,0x00
"SPI","result",4.56963085,0.00303523,0x01,0x00
"SPI","result",4.57271814,0.00301688,0x3D,0x00
"SPI","result",4.57578707,0.00301732,0x1E,0x00
"SPI","result",4.57885644,0.00301657,0x6F,0x00
"SPI","result",4.58192507,0.00301675,0x1E,0x00
"SPI","result",4.58499388,0.003017,0xAF,0x00
"SPI","result",4.58806294,0.00301688,0x82,0x00
"SPI","result",4.59113187,0.0030167,0x02,0x00
"SPI","result",4.59420062,0.00301757,0x03,0x00
"SPI","result",4.59727025,0.01220452,0x7E,0x00
"SPI","result",4.60952682,0.00303574,0x01,0x00
"SPI","result",4.61261461,0.00301663,0x3D,0x00
"SPI","result",4.6156833,0.00301713,0x1E,0x00
"SPI","result",4.61875248,0.00301663,0x6F,0x00
"SPI","result",4.62182117,0.00301681,0x1E,0x00
"SPI","result",4.62489004,0.00301707,0xAF,0x00
"SPI","result",4.62795916,0.00301695,0x82,0x00
"SPI","result",4.63102816,0.00301694,0x02,0x00
"SPI","result",4.63409716,0.0030167,0x03,0x00
"SPI","result",4.63716591,0.01220533,0x7E,0x00
"SPI","result",4.64942329,0.00303506,0x01,0x00
"SPI","result",4.6525104,0.003017,0x3D,0x00
"SPI","result",4.65557946,0.00301725,0x1E,0x00
"SPI","result",4.65864877,0.00301638,0x6F,0x00
"SPI","result",4.66171721,0.00301694,0x1E,0x00
"SPI","result",4.6647862,0.00301845,0xAF,0x00
"SPI","result",4.6678567,0.00301613,0x82,0x00
"SPI","result",4.67092489,0.00301663,0x02,0x00
"SPI","result",4.67399357,0.00301652,0x03,0x00
"SPI","result",4.67706214,0.01220514,0x7E,0x00
"SPI","result",4.68931933,0.00303518,0x01,0x00
"SPI","result",4.69240656,0.00301733,0x3D,0x00
"SPI","result",4.69547594,0.00301682,0x1E,0x00
"SPI","result",4.69854481,0.00301663,0x6F,0x00
"SPI","result",4.70161349,0.00301688,0x1E,0x00
"SPI","result",4.70468243,0.00301694,0xAF,0x00
"SPI","result",4.70775143,0.00301675,0x82,0x00
"SPI","result",4.71082024,0.00301688,0x02,0x00
"SPI","result",4.71388917,0.00301714,0x03,0x00
"SPI","result",4.71695836,0.01220483,0x7E,0x00
"SPI","result",4.72921525,0.00303542,0x01,0x00
"SPI","result",4.73230272,0.00301863,0x3D,0x00
"SPI","result",4.73537341,0.00301513,0x1E,0x00
"SPI","result",4.73844059,0.00301701,0x6F,0x00
"SPI","result",4.74150965,0.00301732,0x1E,0x00
"SPI","result",4.74457903,0.00301663,0xAF,0x00
"SPI","result",4.74764771,0.00301676,0x82,0x00
"SPI","result",4.75071652,0.00301733,0x02,0x00
"SPI","result",4.7537859,0.00301676,0x03,0x00
"SPI","result",4.75685471,0.01220539,0x7E,0x00
"SPI","result",4.76911215,0.00303475,0x01,0x00
"SPI","result",4.77219895,0.00301682,0x3D,0x00
"SPI","result",4.77526782,0.00301707,0x1E,0x00
"SPI","result",4.77833694,0.00301676,0x6F,0x00
"SPI","result",4.78140576,0.00301694,0x1E,0x00
"SPI","result",4.78447475,0.00301688,0xAF,0x00
"SPI","result",4.78754369,0.00301819,0x82,0x00
"SPI","result",4.79061393,0.00301652,0x02,0x00
"SPI","result",4.79368249,0.00301652,0x03,0x00
"SPI","result",4.79675106,0.01220433,0x7E,0x00
"SPI","result",4.80900744,0.00303568,0x01,0x00
"SPI","result",4.81209517,0.00301682,0x3D,0x00
"SPI","result",4.81516404,0.00301757,0x1E,0x00
"SPI","result",4.81823367,0.00301613,0x6F,0x00
"SPI","result",4.82130185,0.00301744,0x1E,0x00
"SPI","result",4.82437135,0.00301788,0xAF,0x00
"SPI","result",4.82744129,0.00301606,0x82,0x00
"SPI","result",4.83050941,0.00301619,0x02,0x00
"SPI","result",4.83357766,0.00301725,0x03,0x00
"SPI","result",4.83664697,0.01220477,0x7E,0x00
"SPI","result",4.84890379,0.00303574,0x01,0x00
"SPI","result",4.85199158,0.00301701,0x3D,0x00
"SPI","result",4.85506065,0.00301644,0x1E,0x00
"SPI","result",4.85812914,0.00301682,0x6F,0x00
"SPI","result",4.86119802,0.00301706,0x1E,0x00
"SPI","result",4.86426713,0.00301701,0xAF,0x00
"SPI","result",4.8673362,0.00301807,0x82,0x00
"SPI","result",4.87040632,0.00301557,0x02,0x00
"SPI","result",4.87347394,0.0030167,0x03,0x00
"SPI","result",4.87654269,0.01221233,0x7E,0x00
"SPI","result",4.88880707,0.00302831,0x01,0x00
"SPI","result",4.89188743,0.00301695,0x3D,0x00
"SPI","result",4.89495643,0.00301689,0x1E,0x00
"SPI","result",4.89802537,0.00301719,0x6F,0x00
"SPI","result",4.90109461,0.00301645,0x1E,0x00
"SPI","result",4.90416311,0.00301696,0xAF,0x00
"SPI","result",4.90723211,0.0030182,0x82,0x00
"SPI","result",4.91030236,0.00301663,0x02,0x00
"SPI","result",4.91337104,0.00301583,0x03,0x00
"SPI","result",4.91643892,0.01220496,0x7E,0x00
"SPI","result",4.92869593,0.00303568,0x01,0x00
"SPI","result",4.93178365,0.00301701,0x3D,0x00
"SPI","result",4.93485272,0.00301594,0x1E,0x00
"SPI","result",4.93792071,0.00301782,0x6F,0x00
"SPI","result",4.94099059,0.00301675,0x1E,0x00
"SPI","result",4.9440594,0.00301694,0xAF,0x00
"SPI","result",4.9471284,0.00301713,0x82,0x00
"SPI","result",4.95019758,0.00301688,0x02,0x00
"SPI","result",4.95326652,0.00301644,0x03,0x00
"SPI","result",4.95633502,0.01220508,0x7E,0x00
"SPI","result",4.96859215,0.00303549,0x01,0x00
"SPI","result",4.97167969,0.00301707,0x3D,0x00
"SPI","result",4.97474881,0.00301695,0x1E,0x00
"SPI","result",4.97781781,0.00301663,0x6F,0x00
"SPI","result",4.9808865,0.00301694,0x1E,0x00
"SPI","result",4.98395549,0.00301708,0xAF,0x00
"SPI","result",4.98702462,0.003018,0x82,0x00
"SPI","result",4.99009468,0.00301607,0x02,0x00
"SPI","result",4.9931628,0.00301676,0x03,0x00
"SPI","result",4.99623162,0.01220489,0x7E,0x00
"SPI","result",5.00848856,0.00303537,0x01,0x00
"SPI","result",5.01157598,0.00301713,0x3D,0x00
"SPI","result",5.01464517,0.0030165,0x1E,0x00
"SPI","result",5.01771373,0.00301706,0x6F,0x00
"SPI","result",5.02078285,0.00301694,0x1E,0x00
"SPI","result",5.02385184,0.00301683,0xAF,0x00
"SPI","result",5.02692072,0.00303005,0x82,0x00
"SPI","result",5.03000283,0.00300402,0x02,0x00
"SPI","result",5.0330589,0.00301638,0x03,0x00
"SPI","result",5.03612734,0.01220502,0x7E,0x00
"SPI","result",5.04838441,0.0030363,0x01,0x00
"SPI","result",5.05147277,0.00301644,0x3D,0x00
"SPI","result",5.05454126,0.00301701,0x1E,0x00
"SPI","result",5.05761032,0.00301651,0x6F,0x00
"SPI","result",5.06067889,0.00301725,0x1E,0x00
"SPI","result",5.06374819,0.00301657,0xAF,0x00
"SPI","result",5.06681682,0.00301675,0x82,0x00
"SPI","result",5.06988563,0.00301725,0x02,0x00
"SPI","result",5.07295494,0.00301694,0x03,0x00
"SPI","result",5.07602394,0.01220464,0x7E,0x00
"SPI","result",5.08828063,0.0030355,0x01,0x00
"SPI","result",5.09136818,0.00301757,0x3D,0x00
"SPI","result",5.0944378,0.0030162,0x1E,0x00
"SPI","result",5.09750605,0.00301688,0x6F,0x00
"SPI","result",5.10057498,0.00301701,0x1E,0x00
"SPI","result",5.10364404,0.00301676,0xAF,0x00
"SPI","result",5.10671285,0.00301813,0x82,0x00
"SPI","result",5.10978304,0.00301582,0x02,0x00
"SPI","result",5.11285091,0.00301726,0x03,0x00
"SPI","result",5.11592022,0.01220483,0x7E,0x00
"SPI","result",5.12817711,0.00303517,0x01,0x00
"SPI","result",5.13126434,0.00301719,0x3D,0x00
"SPI","result",5.13433359,0.00301657,0x1E,0x00
"SPI","result",5.13740221,0.00301732,0x6F,0x00
"SPI","result",5.14047158,0.00301657,0x1E,0x00
"SPI","result",5.14354021,0.00301794,0xAF,0x00
"SPI","result",5.1466102,0.00301607,0x82,0x00
"SPI","result",5.14967833,0.00301656,0x02,0x00
"SPI","result",5.15274695,0.00301713,0x03,0x00
"SPI","result",5.15581614,0.01220489,0x7E,0x00
"SPI","result",5.16807308,0.00303549,0x01,0x00
"SPI","result",5.17116063,0.00301731,0x3D,0x00
"SPI","result",5.17423,0.00301682,0x1E,0x00
"SPI","result",5.17729887,0.00301651,0x6F,0x00
"SPI","result",5.18036743,0.00301745,0x1E,0x00
"SPI","result",5.18343693,0.00301645,0xAF,0x00
"SPI","result",5.18650543,0.00301738,0x82,0x00
"SPI","result",5.18957486,0.00301614,0x02,0x00
"SPI","result",5.19264305,0.00301688,0x03,0x00
"SPI","result",5.19571199,0.01220552,0x7E,0x00
"SPI","result",5.20796956,0.00303505,0x01,0x00
"SPI","result",5.21105666,0.00301688,0x3D,0x00
"SPI","result",5.2141256,0.00301801,0x1E,0x00
"SPI","result",5.21719566,0.00301582,0x6F,0x00
"SPI","result",5.22026353,0.00301713,0x1E,0x00
"SPI","result",5.22333272,0.00301688,0xAF,0x00
"SPI","result",5.22640165,0.00301701,0x82,0x00
"SPI","result",5.22947071,0.00301651,0x02,0x00
"SPI","result",5.23253927,0.00301794,0x03,0x00
"SPI","result",5.23560927,0.01220408,0x7E,0x00
"SPI","result",5.2478654,0.00303581,0x01,0x00
"SPI","result",5.25095326,0.00301664,0x3D,0x00
"SPI","result",5.25402195,0.00301676,0x1E,0x00
"SPI","result",5.25709076,0.00301681,0x6F,0x00
"SPI","result",5.26015963,0.00301688,0x1E,0x00
"SPI","result",5.26322857,0.00301719,0xAF,0x00
"SPI","result",5.26629782,0.003018,0x82,0x00
"SPI","result",5.26936788,0.00301587,0x02,0x00
"SPI","result",5.27243581,0.00301644,0x03,0x00
"SPI","result",5.27550431,0.01220527,0x7E,0x00
"SPI","result",5.28776163,0.00303555,0x01,0x00
"SPI","result",5.29084924,0.00301688,0x3D,0x00
"SPI","result",5.29391817,0.00301794,0x1E,0x00
"SPI","result",5.29698817,0.00301563,0x6F,0x00
"SPI","result",5.30005585,0.00301707,0x1E,0x00
"SPI","result",5.30312498,0.00301663,0xAF,0x00
"SPI","result",5.30619367,0.00301768,0x82,0x00
"SPI","result",5.30926341,0.00301688,0x02,0x00
"SPI","result",5.31233234,0.00301663,0x03,0x00
"SPI","result",5.31540103,0.01220465,0x7E,0x00
"SPI","result",5.32765773,0.00303611,0x01,0x00
"SPI","result",5.33074589,0.00301651,0x3D,0x00
"SPI","result",5.33381446,0.00301744,0x1E,0x00
"SPI","result",5.33688395,0.00301632,0x6F,0x00
"SPI","result",5.33995233,0.00301656,0x1E,0x00
"SPI","result",5.34302095,0.00301694,0xAF,0x00
"SPI","result",5.34608995,0.00301794,0x82,0x00
"SPI","result",5.34915994,0.00301595,0x02,0x00
"SPI","result",5.35222794,0.00301669,0x03,0x00
"SPI","result",5.35529669,0.01220496,0x7E,0x00
"SPI","result",5.3675537,0.00303642,0x01,0x00
"SPI","result",5.37064218,0.00301613,0x3D,0x00
"SPI","result",5.37371037,0.00301725,0x1E,0x00
"SPI","result",5.37677967,0.00301682,0x6F,0x00
"SPI","result",5.37984855,0.00301657,0x1E,0x00
"SPI","result",5.38291717,0.00301676,0xAF,0x00
"SPI","result",5.38598598,0.00301801,0x82,0x00
"SPI","result",5.38905604,0.00301594,0x02,0x00
"SPI","result",5.39212404,0.00301669,0x03,0x00
"SPI","result",5.39519279,0.01220515,0x7E,0x00
"SPI","result",5.40744999,0.00303542,0x01,0x00
"SPI","result",5.41053747,0.00301694,0x3D,0x00
"SPI","result",5.41360646,0.00301682,0x1E,0x00
"SPI","result",5.41667534,0.003017,0x6F,0x00
"SPI","result",5.4197444,0.00301769,0x1E,0x00
"SPI","result",5.42281414,0.00301651,0xAF,0x00
"SPI","result",5.42588271,0.00301637,0x82,0x00
"SPI","result",5.42895114,0.00301682,0x02,0x00
"SPI","result",5.43202002,0.00301718,0x03,0x00
"SPI","result",5.43508926,0.01220483,0x7E,0x00
"SPI","result",5.44734615,0.00303642,0x01,0x00
"SPI","result",5.45043462,0.00301588,0x3D,0x00
"SPI","result",5.45350256,0.00301863,0x1E,0x00
"SPI","result",5.45657324,0.00301551,0x6F,0x00
"SPI","result",5.45964081,0.00301706,0x1E,0x00
"SPI","result",5.46270993,0.00301675,0xAF,0x00
"SPI","result",5.46577874,0.0030165,0x82,0x00
"SPI","result",5.4688473,0.00301825,0x02,0x00
"SPI","result",5.47191761,0.00301551,0x03,0x00
"SPI","result",5.47498517,0.01220515,0x7E,0x00
"SPI","result",5.48724237,0.00303536,0x01,0x00
"SPI","result",5.49032979,0.00301701,0x3D,0x00
"SPI","result",5.49339885,0.00301695,0x1E,0x00
"SPI","result",5.49646784,0.0030167,0x6F,0x00
"SPI","result",5.49953659,0.00301838,0x1E,0x00
"SPI","result",5.50260702,0.00301539,0xAF,0x00
"SPI","result",5.50567446,0.0030172,0x82,0x00
"SPI","result",5.50874371,0.00301657,0x02,0x00
"SPI","result",5.51181233,0.0030172,0x03,0x00
"SPI","result",5.51488158,0.01220496,0x7E,0x00
"SPI","result",5.52713859,0.00303549,0x01,0x00
"SPI","result",5.53022613,0.00301671,0x3D,0x00
"SPI","result",5.53329488,0.00301689,0x1E,0x00
"SPI","result",5.53636382,0.00301714,0x6F,0x00
"SPI","result",5.539433,0.00301801,0x1E,0x00
"SPI","result",5.54250306,0.00301576,0xAF,0x00
"SPI","result",5.54557087,0.00301664,0x82,0x00
"SPI","result",5.54863956,0.00301695,0x02,0x00
"SPI","result",5.55170856,0.00301712,0x03,0x00
"SPI","result",5.55477774,0.01220602,0x7E,0x00
"SPI","result",5.56703581,0.00303443,0x01,0x00
"SPI","result",5.57012229,0.00301738,0x3D,0x00
"SPI","result",5.57319173,0.00301619,0x1E,0x00
"SPI","result",5.57625997,0.0030172,0x6F,0x00
"SPI","result",5.57932922,0.00301713,0x1E,0x00
"SPI","result",5.58239841,0.00301632,0xAF,0x00
"SPI","result",5.58546678,0.00301738,0x82,0x00
"SPI","result",5.58853622,0.00301663,0x02,0x00
"SPI","result",5.5916049,0.00301663,0x03,0x00
"SPI","result",5.59467359,0.01220508,0x7E,0x00
"SPI","result",5.60693072,0.0030358,0x01,0x00
"SPI","result",5.61001858,0.00301688,0x3D,0x00
"SPI","result",5.61308751,0.00301664,0x1E,0x00
"SPI","result",5.6161562,0.00301688,0x6F,0x00
"SPI","result",5.61922513,0.0030172,0x1E,0x00
"SPI","result",5.62229438,0.00301663,0xAF,0x00
"SPI","result",5.62536307,0.00301788,0x82,0x00
"SPI","result",5.628433,0.00301601,0x02,0x00
"SPI","result",5.63150107,0.00301731,0x03,0x00
"SPI","result",5.63457044,0.01220495,0x7E,0x00
"SPI","result",5.64682744,0.0030368,0x01,0x00
"SPI","result",5.6499163,0.003015,0x3D,0x00
"SPI","result",5.65298336,0.00301719,0x1E,0x00
"SPI","result",5.6560526,0.0030167,0x6F,0x00
"SPI","result",5.65912135,0.00301676,0x1E,0x00
"SPI","result",5.66219016,0.00301688,0xAF,0x00
"SPI","result",5.6652591,0.00301975,0x82,0x00
"SPI","result",5.66833091,0.00301438,0x02,0x00
"SPI","result",5.67139735,0.00301663,0x03,0x00
"SPI","result",5.67446603,0.01220521,0x7E,0x00
"SPI","result",5.68672329,0.0030363,0x01,0x00
"SPI","result",5.68981165,0.00301632,0x3D,0x00
"SPI","result",5.69288002,0.00301663,0x1E,0x00
"SPI","result",5.6959487,0.00301682,0x6F,0x00
"SPI","result",5.69901758,0.00301681,0x1E,0x00
"SPI","result",5.70208645,0.00301682,0xAF,0x00
"SPI","result",5.70515532,0.00301682,0x82,0x00
"SPI","result",5.7082242,0.00301725,0x02,0x00
"SPI","result",5.71129351,0.0030165,0x03,0x00
"SPI","result",5.71436207,0.01220514,0x7E,0x00
"SPI","result",5.72661926,0.00303581,0x01,0x00
"SPI","result",5.72970712,0.00301663,0x3D,0x00
"SPI","result",5.7327758,0.00301695,0x1E,0x00
"SPI","result",5.7358448,0.00301676,0x6F,0x00
"SPI","result",5.73891361,0.00301707,0x1E,0x00
"SPI","result",5.74198274,0.00301681,0xAF,0x00
"SPI","result",5.74505161,0.00301688,0x82,0x00
"SPI","result",5.74812054,0.00301732,0x02,0x00
"SPI","result",5.75118991,0.00301676,0x03,0x00
"SPI","result",5.75425873,0.01220464,0x7E,0x00
"SPI","result",5.76651542,0.0030358,0x01,0x00
"SPI","result",5.76960328,0.00301688,0x3D,0x00
"SPI","result",5.77267221,0.00301701,0x1E,0x00
"SPI","result",5.77574127,0.00301663,0x6F,0x00
"SPI","result",5.77880996,0.003017,0x1E,0x00
"SPI","result",5.78187902,0.00301694,0xAF,0x00
"SPI","result",5.78494802,0.00301763,0x82,0x00
"SPI","result",5.7880177,0.0030165,0x02,0x00
"SPI","result",5.79108626,0.00301651,0x03,0x00
"SPI","result",5.79415482,0.01220477,0x7E,0x00
"SPI","result",5.80641164,0.00303581,0x01,0x00
"SPI","result",5.8094995,0.00301682,0x3D,0x00
"SPI","result",5.81256838,0.0030165,0x1E,0x00
"SPI","result",5.81563693,0.00301695,0x6F,0x00
"SPI","result",5.81870593,0.00301682,0x1E,0x00
"SPI","result",5.8217748,0.00301708,0xAF,0x00
"SPI","result",5.82484392,0.00301708,0x82,0x00
"SPI","result",5.82791305,0.0030167,0x02,0x00
"SPI","result",5.83098179,0.00301726,0x03,0x00
"SPI","result",5.8340511,0.01220453,0x7E,0x00
"SPI","result",5.84630768,0.0030358,0x01,0x00
"SPI","result",5.84939553,0.00301826,0x3D,0x00
"SPI","result",5.85246584,0.00301551,0x1E,0x00
"SPI","result",5.8555334,0.0030167,0x6F,0x00
"SPI","result",5.85860215,0.00301719,0x1E,0x00
"SPI","result",5.8616714,0.00301794,0xAF,0x00
"SPI","result",5.86474139,0.00301583,0x82,0x00
"SPI","result",5.86780927,0.00301675,0x02,0x00
"SPI","result",5.87087808,0.00301669,0x03,0x00
"SPI","result",5.87394683,0.01220508,0x7E,0x00
"SPI","result",5.88620396,0.00303636,0x01,0x00
"SPI","result",5.88929238,0.00301594,0x3D,0x00
"SPI","result",5.89236037,0.00301707,0x1E,0x00
"SPI","result",5.89542949,0.00301795,0x6F,0x00
"SPI","result",5.89849949,0.00301601,0x1E,0x00
"SPI","result",5.90156756,0.00301644,0xAF,0x00
"SPI","result",5.90463606,0.00301812,0x82,0x00
"SPI","result",5.90770624,0.00301644,0x02,0x00
"SPI","result",5.91077474,0.0030165,0x03,0x00
"SPI","result",5.9138433,0.01220476,0x7E,0x00
"SPI","result",5.92610012,0.00303542,0x01,0x00
"SPI","result",5.9291876,0.00301701,0x3D,0x00
"SPI","result",5.93225666,0.00301694,0x1E,0x00
"SPI","result",5.93532565,0.00301714,0x6F,0x00
"SPI","result",5.93839484,0.00301657,0x1E,0x00
"SPI","result",5.94146346,0.00301682,0xAF,0x00
"SPI","result",5.94453234,0.00301682,0x82,0x00
"SPI","result",5.94760121,0.00301694,0x02,0x00
"SPI","result",5.95067021,0.00301688,0x03,0x00
"SPI","result",5.95373914,0.01220583,0x7E,0x00
"SPI","result",5.96599703,0.00304191,0x01,0x00
"SPI","result",5.969091,0.00301001,0x3D,0x00
"SPI","result",5.97215307,0.00301663,0x1E,0x00
"SPI","result",5.97522175,0.00301788,0x6F,0x00
"SPI","result",5.97829168,0.00301589,0x1E,0x00
"SPI","result",5.98135962,0.003017,0xAF,0x00
"SPI","result",5.98442868,0.00301657,0x82,0x00
"SPI","result",5.98749731,0.00301688,0x02,0x00
"SPI","result",5.99056624,0.003017,0x03,0x00
"SPI","result",5.9936353,0.01220489,0x7E,0x00
"SPI","result",6.00589225,0.00303567,0x01,0x00
"SPI","result",6.00897998,0.00301675,0x3D,0x00
"SPI","result",6.01204878,0.00301708,0x1E,0x00
"SPI","result",6.01511791,0.00301725,0x6F,0x00
"SPI","result",6.01818722,0.00301663,0x1E,0x00
"SPI","result",6.02125591,0.00301744,0xAF,0x00
"SPI","result",6.0243254,0.0030162,0x82,0x00
"SPI","result",6.02739365,0.00301701,0x02,0x00
"SPI","result",6.03046271,0.00301725,0x03,0x00
"SPI","result",6.03353202,0.01220445,0x7E,0x00
"SPI","result",6.04578853,0.00303543,0x01,0x00
"SPI","result",6.04887601,0.00301782,0x3D,0x00
"SPI","result",6.05194588,0.00301601,0x1E,0x00
"SPI","result",6.05501394,0.00301682,0x6F,0x00
"SPI","result",6.05808281,0.00301713,0x1E,0x00
"SPI","result",6.061152,0.00301694,0xAF,0x00
"SPI","result",6.064221,0.00301669,0x82,0x00
"SPI","result",6.06728975,0.003017,0x02,0x00
"SPI","result",6.07035881,0.00301663,0x03,0x00
"SPI","result",6.07342749,0.01220558,0x7E,0x00
"SPI","result",6.08568513,0.00303517,0x01,0x00
"SPI","result",6.08877236,0.00301769,0x3D,0x00
"SPI","result",6.0918421,0.00301651,0x1E,0x00
"SPI","result",6.09491066,0.00301639,0x6F,0x00
"SPI","result",6.0979791,0.00301675,0x1E,0x00
"SPI","result",6.10104791,0.00301719,0xAF,0x00
"SPI","result",6.10411716,0.00301719,0x82,0x00
"SPI","result",6.1071864,0.00301657,0x02,0x00
"SPI","result",6.11025503,0.00301694,0x03,0x00
"SPI","result",6.11332403,0.01220483,0x7E,0x00
"SPI","result",6.12558091,0.0030368,0x01,0x00
"SPI","result",6.12866976,0.00301545,0x3D,0x00
"SPI","result",6.13173726,0.00301688,0x1E,0x00
"SPI","result",6.1348062,0.00301757,0x6F,0x00
"SPI","result",6.13787582,0.00301644,0x1E,0x00
"SPI","result",6.14094432,0.00301669,0xAF,0x00
"SPI","result",6.14401307,0.003017,0x82,0x00
"SPI","result",6.14708213,0.003017,0x02,0x00
"SPI","result",6.15015119,0.00301669,0x03,0x00
"SPI","result",6.15321993,0.0122049,0x7E,0x00
"SPI","result",6.16547688,0.00303717,0x01,0x00
"SPI","result",6.16856611,0.00301545,0x3D,0x00
"SPI","result",6.17163361,0.00301782,0x1E,0x00
"SPI","result",6.17470348,0.00301638,0x6F,0x00
"SPI","result",6.17777192,0.00301631,0x1E,0x00
"SPI","result",6.18084029,0.00301681,0xAF,0x00
"SPI","result",6.18390916,0.00301707,0x82,0x00
"SPI","result",6.18697828,0.00301682,0x02,0x00
"SPI","result",6.19004716,0.00301787,0x03,0x00
"SPI","result",6.19311709,0.01220446,0x7E,0x00
"SPI","result",6.2053736,0.00303568,0x01,0x00
"SPI","result",6.20846133,0.00301713,0x3D,0x00
"SPI","result",6.21153051,0.00301689,0x1E,0x00
"SPI","result",6.21459945,0.00301638,0x6F,0x00
"SPI","result",6.21766789,0.0030165,0x1E,0x00
"SPI","result",6.22073644,0.00301689,0xAF,0x00
"SPI","result",6.22380538,0.00301782,0x82,0x00
"SPI","result",6.22687525,0.00301607,0x02,0x00
"SPI","result",6.22994338,0.00301681,0x03,0x00
"SPI","result",6.23301225,0.01220539,0x7E,0x00
"SPI","result",6.2452697,0.0030353,0x01,0x00
"SPI","result",6.24835705,0.00301732,0x3D,0x00
"SPI","result",6.25142642,0.00301651,0x1E,0x00
"SPI","result",6.25449498,0.0030167,0x6F,0x00
"SPI","result",6.25756373,0.00301694,0x1E,0x00
"SPI","result",6.26063273,0.00301669,0xAF,0x00
"SPI","result",6.26370148,0.00301695,0x82,0x00
"SPI","result",6.26677048,0.00301681,0x02,0x00
"SPI","result",6.26983935,0.00301688,0x03,0x00
"SPI","result",6.27290829,0.01220507,0x7E,0x00
"SPI","result",6.28516542,0.00304354,0x01,0x00
"SPI","result",6.28826102,0.00300913,0x3D,0x00
"SPI","result",6.29132221,0.00301657,0x1E,0x00
"SPI","result",6.29439083,0.00301713,0x6F,0x00
"SPI","result",6.29746002,0.00301713,0x1E,0x00
"SPI","result",6.3005292,0.00301669,0xAF,0x00
"SPI","result",6.30359795,0.00301657,0x82,0x00
"SPI","result",6.30666657,0.00301701,0x02,0x00
"SPI","result",6.30973563,0.00301676,0x03,0x00
"SPI","result",6.31280444,0.01220577,0x7E,0x00
"SPI","result",6.32506226,0.0030348,0x01,0x00
"SPI","result",6.32814912,0.00301694,0x3D,0x00
"SPI","result",6.33121812,0.00301681,0x1E,0x00
"SPI","result",6.33428699,0.00301688,0x6F,0x00
"SPI","result",6.33735592,0.00301695,0x1E,0x00
"SPI","result",6.34042492,0.00301725,0xAF,0x00
"SPI","result",6.34349423,0.00301651,0x82,0x00
"SPI","result",6.34656279,0.00301744,0x02,0x00
"SPI","result",6.34963229,0.00301632,0x03,0x00
"SPI","result",6.35270066,0.01220502,0x7E,0x00
"SPI","result",6.36495774,0.00303561,0x01,0x00
"SPI","result",6.3680454,0.00301801,0x3D,0x00
"SPI","result",6.37111546,0.00301563,0x1E,0x00
"SPI","result",6.37418314,0.00301708,0x6F,0x00
"SPI","result",6.37725227,0.00301713,0x1E,0x00
"SPI","result",6.38032146,0.00301687,0xAF,0x00
"SPI","result",6.38339039,0.00303199,0x82,0x00
"SPI","result",6.38647444,0.00300133,0x02,0x00
"SPI","result",6.38952782,0.00301707,0x03,0x00
"SPI","result",6.39259695,0.01220489,0x7E,0x00
"SPI","result",6.40485389,0.00303549,0x01,0x00
"SPI","result",6.40794143,0.00301695,0x3D,0x00
"SPI","result",6.41101043,0.00301688,0x1E,0x00
"SPI","result",6.41407937,0.00301713,0x6F,0x00
"SPI","result",6.41714855,0.00301676,0x1E,0x00
"SPI","result",6.42021736,0.00301732,0xAF,0x00
"SPI","result",6.42328673,0.00301651,0x82,0x00
"SPI","result",6.42635529,0.00301663,0x02,0x00
"SPI","result",6.42942398,0.00301744,0x03,0x00
"SPI","result",6.43249348,0.01220458,0x7E,0x00
"SPI","result",6.44475011,0.00303555,0x01,0x00
"SPI","result",6.44783771,0.00301739,0x3D,0x00
"SPI","result",6.45090715,0.00301632,0x1E,0x00
"SPI","result",6.45397553,0.00301706,0x6F,0x00
"SPI","result",6.45704465,0.00301662,0x1E,0x00
"SPI","result",6.46011333,0.00301725,0xAF,0x00
"SPI","result",6.46318264,0.00301651,0x82,0x00
"SPI","result",6.4662512,0.00301813,0x02,0x00
"SPI","result",6.46932139,0.00301562,0x03,0x00
"SPI","result",6.47238907,0.01220502,0x7E,0x00
"SPI","result",6.48464614,0.00303599,0x01,0x00
"SPI","result",6.48773418,0.00301651,0x3D,0x00
"SPI","result",6.49080274,0.00301688,0x1E,0x00
"SPI","result",6.49387168,0.00301732,0x6F,0x00
"SPI","result",6.49694105,0.00301644,0x1E,0x00
"SPI","result",6.50000955,0.00301694,0xAF,0x00
"SPI","result",6.50307855,0.00301712,0x82,0x00
"SPI","result",6.50614773,0.00301669,0x02,0x00
"SPI","result",6.50921648,0.00301738,0x03,0x00
"SPI","result",6.51228591,0.01220459,0x7E,0x00
"SPI","result",6.52454255,0.00303636,0x01,0x00
"SPI","result",6.52763096,0.00301726,0x3D,0x00
"SPI","result",6.53070027,0.00301551,0x1E,0x00
"SPI","result",6.53376784,0.00301688,0x6F,0x00
"SPI","result",6.53683677,0.00301725,0x1E,0x00
"SPI","result",6.53990608,0.00301644,0xAF,0x00
"SPI","result",6.54297458,0.0030175,0x82,0x00
"SPI","result",6.54604414,0.00301681,0x02,0x00
"SPI","result",6.54911301,0.00301644,0x03,0x00
"SPI","result",6.55218151,0.01220514,0x7E,0x00
"SPI","result",6.56443871,0.00303542,0x01,0x00
"SPI","result",6.56752618,0.00301776,0x3D,0x00
"SPI","result",6.57059599,0.00301651,0x1E,0x00
"SPI","result",6.57366455,0.00301664,0x6F,0x00
"SPI","result",6.57673324,0.00301663,0x1E,0x00
"SPI","result",6.57980192,0.00301676,0xAF,0x00
"SPI","result",6.58287073,0.00301845,0x82,0x00
"SPI","result",6.58594123,0.00301613,0x02,0x00
"SPI","result",6.58900942,0.00301613,0x03,0x00
"SPI","result",6.59207761,0.01220501,0x7E,0x00
"SPI","result",6.60433468,0.00303567,0x01,0x00
"SPI","result",6.6074224,0.00301676,0x3D,0x00
"SPI","result",6.61049121,0.00301726,0x1E,0x00
"SPI","result",6.61356052,0.00301657,0x6F,0x00
"SPI","result",6.61662915,0.00301731,0x1E,0x00
"SPI","result",6.61969852,0.0030165,0xAF,0x00
"SPI","result",6.62276708,0.00301694,0x82,0x00
"SPI","result",6.62583608,0.00301675,0x02,0x00
"SPI","result",6.62890489,0.00301831,0x03,0x00
"SPI","result",6.63197526,0.01220446,0x7E,0x00
"SPI","result",6.64423177,0.00303468,0x01,0x00
"SPI","result",6.6473185,0.00301756,0x3D,0x00
"SPI","result",6.65038812,0.00301663,0x1E,0x00
"SPI","result",6.6534568,0.00301664,0x6F,0x00
"SPI","result",6.65652549,0.00301694,0x1E,0x00
"SPI","result",6.65959449,0.00301731,0xAF,0x00
"SPI","result",6.66266386,0.00301669,0x82,0x00
"SPI","result",6.66573261,0.00301632,0x02,0x00
"SPI","result",6.66880098,0.00301682,0x03,0x00
"SPI","result",6.67186985,0.01220515,0x7E,0x00
"SPI","result",6.68412705,0.00303574,0x01,0x00
"SPI","result",6.68721484,0.00301701,0x3D,0x00
"SPI","result",6.6902839,0.00301645,0x1E,0x00
"SPI","result",6.6933524,0.00301688,0x6F,0x00
"SPI","result",6.69642134,0.003017,0x1E,0x00
"SPI","result",6.6994904,0.00301719,0xAF,0x00
"SPI","result",6.70255964,0.00301645,0x82,0x00
"SPI","result",6.70562814,0.00301832,0x02,0x00
"SPI","result",6.70869851,0.00301551,0x03,0x00
"SPI","result",6.71176607,0.01220509,0x7E,0x00
"SPI","result",6.72402321,0.00303549,0x01,0x00
"SPI","result",6.72711075,0.00301769,0x3D,0x00
"SPI","result",6.7301805,0.003016,0x1E,0x00
"SPI","result",6.73324856,0.00301769,0x6F,0x00
"SPI","result",6.7363183,0.00301607,0x1E,0x00
"SPI","result",6.73938643,0.00301781,0xAF,0x00
"SPI","result",6.7424563,0.003016,0x82,0x00
"SPI","result",6.74552436,0.00301825,0x02,0x00
"SPI","result",6.74859467,0.00301582,0x03,0x00
"SPI","result",6.75166254,0.01220465,0x7E,0x00
"SPI","result",6.76391924,0.0030368,0x01,0x00
"SPI","result",6.76700809,0.00301601,0x3D,0x00
"SPI","result",6.77007616,0.00301744,0x1E,0x00
"SPI","result",6.77314565,0.00301595,0x6F,0x00
"SPI","result",6.77621365,0.00301731,0x1E,0x00
"SPI","result",6.77928302,0.00301707,0xAF,0x00
"SPI","result",6.78235214,0.00301645,0x82,0x00
"SPI","result",6.78542064,0.00301807,0x02,0x00
"SPI","result",6.78849076,0.0030157,0x03,0x00
"SPI","result",6.79155851,0.01220489,0x7E,0x00
"SPI","result",6.80381546,0.00304167,0x01,0x00
"SPI","result",6.80690918,0.00301132,0x3D,0x00
"SPI","result",6.80997256,0.00301626,0x1E,0x00
"SPI","result",6.81304087,0.00301694,0x6F,0x00
"SPI","result",6.81610987,0.00301688,0x1E,0x00
"SPI","result",6.8191788,0.00301732,0xAF,0x00
"SPI","result",6.82224818,0.00301637,0x82,0x00
"SPI","result",6.82531661,0.00301701,0x02,0x00
"SPI","result",6.82838567,0.00301688,0x03,0x00
"SPI","result",6.83145461,0.01220532,0x7E,0x00
"SPI","result",6.84371199,0.0030353,0x01,0x00
"SPI","result",6.84679934,0.00301801,0x3D,0x00
"SPI","result",6.8498694,0.0030157,0x1E,0x00
"SPI","result",6.85293715,0.00301613,0x6F,0x00
"SPI","result",6.85600534,0.00301782,0x1E,0x00
"SPI","result",6.85907521,0.00301663,0xAF,0x00
"SPI","result",6.86214389,0.00301682,0x82,0x00
"SPI","result",6.86521277,0.003017,0x02,0x00
"SPI","result",6.86828182,0.00301695,0x03,0x00
"SPI","result",6.87135082,0.01220508,0x7E,0x00
"SPI","result",6.88360796,0.00303543,0x01,0x00
"SPI","result",6.88669544,0.00301812,0x3D,0x00
"SPI","result",6.88976562,0.00301551,0x1E,0x00
"SPI","result",6.89283318,0.00301701,0x6F,0x00
"SPI","result",6.89590224,0.00301682,0x1E,0x00
"SPI","result",6.89897111,0.00301832,0xAF,0x00
"SPI","result",6.90204148,0.00301539,0x82,0x00
"SPI","result",6.90510892,0.00301832,0x02,0x00
"SPI","result",6.90817929,0.00301557,0x03,0x00
"SPI","result",6.91124692,0.01220564,0x7E,0x00
"SPI","result",6.92350461,0.00303486,0x01,0x00
"SPI","result",6.92659153,0.00301831,0x3D,0x00
"SPI","result",6.9296619,0.00301576,0x1E,0x00
"SPI","result",6.93272971,0.00301694,0x6F,0x00
"SPI","result",6.9357987,0.00301645,0x1E,0x00
"SPI","result",6.93886721,0.00301856,0xAF,0x00
"SPI","result",6.94193783,0.00301525,0x82,0x00
"SPI","result",6.94500514,0.00303093,0x02,0x00
"SPI","result",6.94808812,0.00300283,0x03,0x00
"SPI","result",6.95114301,0.01220502,0x7E,0x00
"SPI","result",6.96340008,0.00303561,0x01,0x00
"SPI","result",6.96648775,0.00301681,0x3D,0x00
"SPI","result",6.96955662,0.00301682,0x1E,0x00
"SPI","result",6.97262549,0.00301732,0x6F,0x00
"SPI","result",6.97569486,0.00301651,0x1E,0x00
"SPI","result",6.97876342,0.00301688,0xAF,0x00
"SPI","result",6.98183236,0.00301694,0x82,0x00
